id,name,dept,seniority,tenure_years,training_completed,days_since_training,mfa_enabled,after_hours_pct,avg_response_sec,report_rate,text_sims,text_fails,image_sims,image_fails,url_sims,url_fails,audio_sims,audio_fails
EMP-101,Alexander Wright,Finance,1,2.3,0,540,1,38.6,14.0,5.0,10,7,10,8,10,10,10,4
EMP-102,Sophia Chen,Human Resources,0,4.9,2,60,1,7.0,22.0,12.0,10,9,10,4,10,6,10,3
EMP-103,Marcus Brody,Engineering,0,2.0,3,60,0,33.5,180.0,55.0,10,2,10,2,10,2,10,6
EMP-104,Elena Rostova,Marketing,0,3.0,1,60,0,15.3,45.0,18.0,10,4,10,9,10,5,10,2
EMP-105,David Miller,Finance,1,1.0,0,540,1,38.5,8.0,2.0,10,8,10,9,10,10,10,7
EMP-106,Priya Sharma,Customer Support,0,6.3,2,60,1,13.8,90.0,30.0,10,6,10,3,10,4,10,2
EMP-107,Lucas Vance,IT Operations,0,1.4,5,60,1,14.5,340.0,82.0,10,1,10,1,10,2,10,4
EMP-108,Amelia Brooks,Finance,2,2.7,1,49,0,31.3,20.3,7.7,7,7,7,7,6,6,8,8
EMP-109,Nora Chen,Finance,0,1.5,0,540,1,22.7,30.3,11.9,5,1,6,3,10,9,9,6
EMP-110,Kavya Silva,Finance,0,9.2,1,155,1,8.6,96.2,45.8,8,2,9,0,3,2,4,0
EMP-111,Amelia Petrov,Finance,1,4.5,3,298,1,37.6,15.8,40.9,5,4,7,2,6,4,9,3
EMP-112,Fatima Bauer,Finance,0,4.7,1,137,1,23.3,41.8,19.7,6,1,5,2,3,3,7,3
EMP-113,Ben Nguyen,Finance,1,17.6,2,23,0,37.6,7.6,9.6,6,6,11,8,6,6,8,5
EMP-114,Lina Brooks,Finance,1,20.2,1,358,1,26.8,124.3,60.4,7,0,3,0,6,4,4,1
EMP-115,Grace Castillo,Finance,0,1.6,2,32,1,20.5,57.6,40.7,7,3,7,0,4,1,11,0
EMP-116,Omar Nguyen,Finance,1,2.3,1,80,1,19.4,60.9,58.0,8,2,7,0,8,4,4,0
EMP-117,Amelia Schmidt,Finance,0,8.4,1,249,1,11.5,85.4,40.5,10,2,8,2,4,2,7,1
EMP-118,Chloe Hughes,Finance,0,8.2,4,164,1,5.2,76.5,84.0,6,2,7,2,6,2,6,0
EMP-119,Sam Tanaka,Finance,0,5.8,0,540,1,31.0,8.3,6.7,5,4,9,8,5,5,4,4
EMP-120,Priya Bianchi,Finance,0,7.3,0,540,1,31.5,48.0,33.9,8,4,6,6,12,8,7,2
EMP-121,Oscar Silva,Finance,0,4.3,3,133,1,25.6,29.5,31.4,7,1,5,2,4,4,9,5
EMP-122,Liam Bianchi,Finance,0,1.3,1,321,0,40.6,24.5,11.7,4,3,3,3,7,5,6,4
EMP-123,Felix Bauer,Finance,1,2.6,2,36,1,29.1,15.0,41.1,6,2,8,4,6,4,6,1
EMP-124,Omar Dubois,Finance,0,2.3,1,132,1,22.4,108.4,50.3,6,5,6,4,6,5,3,1
EMP-125,Ines Nakamura,Finance,0,4.5,1,51,0,26.8,23.7,14.3,7,4,6,4,4,3,5,2
EMP-126,Diego Rossi,Finance,0,6.3,3,324,1,15.9,28.5,23.7,9,5,4,2,6,4,5,2
EMP-127,Chloe Schmidt,Finance,0,3.3,1,15,1,18.0,29.3,18.4,4,1,5,4,5,4,3,1
EMP-128,Isaac Sato,Finance,0,0.1,2,112,1,44.1,51.0,57.5,6,0,3,0,5,2,6,3
EMP-129,Tariq Garcia,Finance,0,4.9,0,540,1,32.7,63.8,32.1,6,4,6,3,7,3,4,1
EMP-130,Camila Silva,Finance,0,8.2,1,8,1,37.6,66.1,35.6,7,1,5,2,3,2,6,4
EMP-131,Oscar Tanaka,Finance,0,10.5,0,540,0,55.4,14.8,7.0,6,6,3,3,9,8,6,6
EMP-132,Ethan Mensah,Finance,0,4.6,0,540,1,33.7,21.9,21.4,6,2,7,5,4,0,4,1
EMP-133,Camila Sato,Finance,0,0.2,3,50,1,19.4,172.1,76.8,6,1,8,1,8,1,6,0
EMP-134,Uma Brooks,Finance,0,4.3,3,234,1,15.0,43.6,34.4,7,5,3,2,5,3,5,1
EMP-135,Oscar Bianchi,Finance,1,0.1,1,35,1,14.4,99.7,38.3,4,2,8,3,4,3,9,2
EMP-136,Rosa Haddad,Finance,0,4.4,2,60,1,17.0,44.0,31.7,6,2,7,1,7,6,3,0
EMP-137,Mia Wagner,Finance,0,0.1,3,110,0,27.4,31.8,49.3,7,1,10,4,3,1,5,1
EMP-138,Nora Nguyen,Finance,0,0.3,2,16,0,11.7,53.5,85.2,8,4,2,0,9,2,5,0
EMP-139,Zoe Larsen,Finance,0,3.7,2,77,0,25.4,66.6,66.6,9,3,3,2,5,3,7,0
EMP-140,Mateo Silva,Finance,1,0.3,1,86,1,47.0,31.8,25.1,9,7,3,2,5,5,5,3
EMP-141,Mateo Mensah,Finance,0,4.2,0,540,1,33.5,22.2,22.2,6,0,9,6,3,3,7,3
EMP-142,Isaac Ivanova,Finance,0,4.3,4,502,0,53.5,16.7,32.5,8,3,8,2,7,5,5,4
EMP-143,Emma Walsh,Finance,0,7.8,3,44,1,39.8,162.2,63.1,8,0,5,0,2,0,9,0
EMP-144,Zoe Ivanova,Finance,2,9.3,4,28,1,11.8,170.6,88.1,4,0,4,0,5,1,8,0
EMP-145,Ben Schmidt,Finance,0,4.4,1,38,1,10.1,91.9,45.2,7,1,3,1,5,3,6,3
EMP-146,Isaac Quinn,Finance,0,5.0,5,53,1,15.0,39.9,49.0,5,1,9,1,4,4,7,2
EMP-147,Mia Lopez,Finance,0,4.7,0,540,0,45.1,13.2,5.7,5,4,8,7,6,6,3,2
EMP-148,Victor Novak,Finance,0,4.5,2,44,1,15.9,68.9,74.0,8,1,6,1,4,0,2,0
EMP-149,Ines Singh,Finance,1,5.9,1,25,1,18.7,44.6,34.2,5,3,6,1,4,2,5,3
EMP-150,Anika Costa,Finance,0,0.1,4,44,1,9.9,73.7,76.9,5,1,4,0,9,4,3,0
EMP-151,Nadia Nakamura,Finance,0,0.7,1,14,0,19.0,23.4,41.3,5,4,3,2,2,2,11,6
EMP-152,Elif Zhang,Finance,0,0.8,1,409,1,29.0,16.3,14.2,3,3,4,3,5,5,6,3
EMP-153,Jonas Eriksen,Finance,0,3.5,2,138,0,39.1,15.9,34.3,10,7,6,2,9,6,8,3
EMP-154,Mia Nakamura,Finance,0,5.2,1,246,1,15.4,22.8,19.5,5,2,7,6,5,5,7,6
EMP-155,Alejandro Varga,Finance,2,5.4,3,443,1,20.6,41.0,51.9,11,0,8,2,6,3,10,0
EMP-156,Anika Zhang,Finance,0,5.9,1,318,1,22.1,58.4,41.2,8,1,4,2,10,6,6,0
EMP-157,Omar Schmidt,Finance,0,6.0,2,65,0,18.9,31.3,17.5,3,0,8,4,6,4,7,6
EMP-158,Jana Lopez,Finance,1,0.3,0,540,0,21.9,38.7,10.2,5,5,7,3,2,2,3,1
EMP-159,Theo Mahraniya,Finance,0,0.2,1,45,1,20.2,90.1,58.9,7,1,3,1,5,3,5,2
EMP-160,Rahul Patel,Finance,1,0.9,1,540,0,39.9,22.9,5.9,7,3,5,3,8,7,3,3
EMP-161,Priya Okafor,Finance,0,3.1,0,540,0,56.3,21.3,6.8,5,4,6,4,11,11,6,6
EMP-162,Anika Castillo,Finance,1,2.9,2,46,1,12.8,158.3,83.4,7,1,9,0,5,0,4,0
EMP-163,Hugo Olsen,Finance,2,6.6,0,540,0,23.1,37.6,44.1,7,1,7,4,3,3,8,3
EMP-164,Theo Varga,Finance,0,3.2,5,65,1,15.3,161.4,61.4,5,0,7,1,5,2,3,0
EMP-165,Anika Bianchi,Finance,0,3.6,1,266,1,29.8,63.2,65.3,9,2,4,0,6,2,6,0
EMP-166,Victor Walsh,Finance,0,1.0,2,253,0,38.0,17.1,39.0,6,0,2,0,10,7,5,2
EMP-167,Isaac Torres,Finance,1,1.1,0,540,1,28.3,19.3,6.4,5,5,3,2,9,7,7,7
EMP-168,Oscar Wagner,Finance,0,2.3,3,72,0,0.0,100.8,68.5,8,3,8,0,4,0,5,0
EMP-169,Maya Kim,Finance,1,2.0,2,150,1,10.2,88.3,52.1,10,1,6,0,5,1,7,0
EMP-170,Uma Moreau,Finance,1,3.6,2,17,1,34.9,23.5,29.0,3,1,8,4,3,1,9,1
EMP-171,Sofia Mahraniya,Finance,2,10.5,1,103,0,25.0,37.2,17.6,7,4,6,5,4,3,10,4
EMP-172,Aisha Okafor,Finance,1,2.2,1,26,0,41.8,21.1,10.1,7,6,12,10,5,5,10,6
EMP-173,Kai Fischer,Finance,0,5.5,3,258,1,36.7,67.3,50.2,6,1,7,4,6,4,6,3
EMP-174,Rosa Costa,Finance,0,4.6,3,6,1,18.3,125.1,65.7,6,0,3,0,7,2,8,0
EMP-175,Mia Bianchi,Finance,0,0.8,0,540,0,37.8,32.8,12.5,7,5,5,4,8,7,7,1
EMP-176,Fatima Zimmer,Finance,0,7.1,3,145,1,21.5,29.1,21.4,6,6,5,2,3,2,6,3
EMP-177,Ines Dubois,Finance,0,5.6,4,32,0,22.9,37.6,61.0,8,1,3,0,4,1,7,1
EMP-178,Yara Ivanova,Finance,0,5.5,1,46,1,20.5,39.8,19.4,9,3,5,3,7,5,12,4
EMP-179,Liam Murphy,Finance,0,2.6,0,540,1,31.1,37.8,34.3,7,3,5,2,4,3,3,1
EMP-180,Mia Castillo,Finance,0,1.2,3,31,1,14.7,156.5,75.2,5,3,6,1,5,0,5,2
EMP-181,Elif Novak,Finance,0,3.2,2,40,1,20.9,44.9,23.7,6,3,5,3,5,3,8,5
EMP-182,Liam Sato,Finance,0,5.1,2,100,0,30.1,63.4,39.5,5,1,7,4,5,4,4,2
EMP-183,Hugo Dubois,Finance,1,3.4,4,310,0,29.3,70.9,49.2,5,0,8,1,6,2,4,0
EMP-184,Luca Sato,Finance,1,8.8,2,134,0,31.2,17.6,26.1,8,4,7,4,6,4,6,1
EMP-185,Hugo Weber,Finance,0,1.2,3,540,0,32.4,51.3,31.8,7,5,2,0,9,9,6,1
EMP-186,Lina Mahraniya,Finance,0,0.9,4,65,0,19.6,45.6,89.2,6,0,2,0,5,1,6,1
EMP-187,Tariq Moreau,Finance,0,6.7,2,139,1,33.5,82.4,45.9,8,3,5,1,4,2,7,1
EMP-188,Felix Eriksen,Finance,1,9.6,0,540,1,28.9,7.4,4.3,10,10,7,7,8,8,6,5
EMP-189,Ben Garcia,Finance,1,0.8,1,223,0,19.0,52.1,33.9,6,3,5,4,9,4,4,1
EMP-190,Diego Hughes,Finance,0,11.6,1,181,0,26.3,18.8,15.2,4,3,5,3,6,4,7,6
EMP-191,Sofia Hughes,Finance,0,1.4,0,540,1,16.8,50.9,32.2,5,0,7,2,7,3,10,0
EMP-192,Aarav Patel,Finance,0,2.8,3,229,1,30.1,23.0,24.2,11,6,11,7,7,6,6,2
EMP-193,Priya Garcia,Finance,2,0.1,4,364,1,23.6,128.0,82.5,7,2,8,1,7,2,4,1
EMP-194,Hana Kim,Finance,0,2.2,3,325,1,34.4,34.2,37.7,6,5,8,2,6,3,6,1
EMP-195,Aarav Eriksen,Finance,0,3.3,0,540,1,52.9,20.7,5.7,10,10,5,5,5,5,8,8
EMP-196,Lina Rossi,Finance,0,13.1,0,540,1,28.1,20.8,35.5,6,1,6,3,6,5,7,0
EMP-197,Kavya Suzuki,Finance,0,4.8,6,21,1,34.9,67.6,71.2,5,1,3,2,4,2,9,1
EMP-198,Oscar Larsen,Finance,0,9.6,3,182,1,17.9,182.0,78.0,6,0,10,2,4,2,4,0
EMP-199,Daniel Walsh,Finance,0,1.9,1,153,0,35.0,23.5,9.7,5,4,6,4,5,5,8,5
EMP-200,Nadia Suzuki,Finance,2,15.5,0,540,1,24.2,84.1,50.1,5,0,7,6,8,4,4,1
EMP-201,Sara Wagner,Finance,0,0.5,3,6,1,27.1,23.9,53.4,6,3,6,5,6,5,7,1
EMP-202,Yara Bianchi,Finance,0,4.9,1,37,0,36.4,43.1,11.7,10,3,8,7,5,5,8,5
EMP-203,Mateo Zimmer,Finance,0,12.5,1,43,1,27.3,54.6,26.1,4,2,7,3,5,4,8,4
EMP-204,Tariq Sato,Finance,2,1.5,0,540,1,21.5,43.1,21.1,4,4,6,5,4,3,7,7
EMP-205,Camila Olsen,Finance,0,2.6,0,540,1,35.6,60.9,43.0,5,0,4,3,8,2,5,3
EMP-206,Sam Murphy,Finance,0,1.3,1,124,1,8.0,53.0,46.4,5,0,5,3,6,2,4,3
EMP-207,Amelia Gupta,Finance,0,5.9,2,8,1,24.9,278.0,64.6,10,0,6,1,6,1,4,0
EMP-208,Anika Haddad,Finance,2,0.5,2,103,1,23.1,30.3,32.4,7,4,6,4,6,5,7,5
EMP-209,Maya Fischer,Finance,0,0.5,1,273,1,33.4,19.3,24.2,6,4,7,3,2,2,5,3
EMP-210,Chloe Lopez,Finance,0,0.7,0,540,1,26.7,105.1,34.0,7,3,4,3,4,2,3,1
EMP-211,Rahul Bianchi,Finance,0,2.2,2,98,1,17.5,80.7,51.9,5,0,6,2,5,1,6,2
EMP-212,Camila Adeyemi,Finance,0,0.7,6,17,1,21.4,108.5,88.4,6,0,3,0,6,2,3,0
EMP-213,Oscar Eriksen,Finance,1,14.0,2,43,1,23.8,167.8,79.6,5,0,5,0,6,2,6,0
EMP-214,Aisha Brooks,Finance,0,9.5,0,540,0,41.1,35.5,3.2,6,3,2,2,3,2,5,3
EMP-215,Fatima Suzuki,Finance,1,0.6,2,126,1,23.2,67.2,25.6,4,2,6,2,6,5,8,2
EMP-216,Leila Eriksen,Finance,0,11.4,0,540,1,34.6,10.0,10.0,7,6,5,4,7,7,6,2
EMP-217,Sam Jensen,Finance,0,4.8,0,540,0,30.0,24.6,10.1,6,4,7,6,8,6,6,3
EMP-218,Kai Singh,Finance,0,0.7,1,249,0,48.0,30.3,10.6,3,3,3,1,7,6,5,4
EMP-219,Kavya Olsen,Finance,1,5.1,2,11,1,8.2,42.8,59.2,4,2,4,1,3,1,6,1
EMP-220,Chloe Costa,Finance,0,4.2,1,76,1,29.2,27.1,53.9,3,0,6,5,5,5,6,3
EMP-221,Mia Okafor,Finance,0,4.0,1,3,0,42.7,32.9,15.4,5,4,4,4,4,4,4,3
EMP-222,Mei Olsen,Finance,0,4.5,0,540,1,30.0,65.6,27.7,5,1,4,1,5,3,6,2
EMP-223,Isaac Castillo,Finance,0,0.5,2,233,1,26.3,35.9,45.9,6,4,7,3,5,4,6,2
EMP-224,Diego Chen,Finance,0,1.8,3,540,0,16.9,76.6,22.8,7,2,9,2,8,4,7,2
EMP-225,Yara Lopez,Finance,0,3.4,5,81,0,27.5,29.1,68.3,6,3,6,0,6,2,9,0
EMP-226,Yara Jensen,Finance,0,0.2,1,89,1,20.3,25.5,25.9,4,1,5,2,7,5,4,0
EMP-227,Mei Walsh,Finance,0,5.8,1,42,1,33.0,40.2,22.4,7,1,5,1,6,5,7,3
EMP-228,Elif Quinn,Finance,0,0.7,2,170,1,41.5,23.2,47.9,5,0,6,4,3,3,6,1
EMP-229,Aisha Haddad,Finance,0,2.8,1,8,1,33.3,92.4,60.8,6,3,9,4,7,3,5,1
EMP-230,Noah Mensah,Finance,0,3.5,3,178,1,15.6,54.1,72.3,7,0,10,2,8,0,6,0
EMP-231,Diego Walsh,Finance,2,1.3,5,3,1,23.0,57.6,93.4,5,0,7,1,5,1,4,0
EMP-232,Nora Andersen,Finance,0,2.6,2,194,1,25.2,44.0,29.4,6,4,6,4,7,7,4,0
EMP-233,Yusuf Quinn,Finance,1,1.2,0,540,0,40.6,10.1,13.9,5,4,8,6,6,5,8,6
EMP-234,Ben Walsh,Finance,0,0.1,0,540,0,41.6,24.0,11.7,7,1,4,1,8,7,7,3
EMP-235,Hana Quinn,Finance,0,1.0,1,228,0,30.7,18.2,11.0,5,3,7,6,7,5,6,4
EMP-236,Kavya Fischer,Finance,1,0.3,3,39,1,27.2,13.7,51.9,8,4,5,1,9,5,5,2
EMP-237,Kai Zimmer,Finance,0,10.9,0,540,1,24.2,80.8,39.4,8,2,9,2,4,3,5,1
EMP-238,Felix Rossi,Finance,1,1.3,0,540,0,33.9,48.9,13.2,4,3,5,4,7,5,9,8
EMP-239,Nora Zimmer,Finance,0,3.9,1,36,0,39.9,28.5,17.8,4,4,8,8,2,2,5,1
EMP-240,Nadia Lopez,Finance,0,4.6,2,306,0,24.7,68.1,40.6,5,2,7,2,8,7,4,1
EMP-241,Sam Hughes,Finance,0,7.8,2,6,1,20.2,42.6,55.4,7,2,6,4,5,5,8,0
EMP-242,Rosa Zhang,Finance,1,6.3,1,56,1,44.6,63.5,17.9,7,4,5,3,6,4,6,1
EMP-243,Ethan Ivanova,Finance,1,10.6,0,540,1,45.9,15.4,8.6,7,6,11,7,6,6,11,10
EMP-244,Liam Young,Finance,0,3.6,1,110,1,43.7,63.4,13.3,4,1,5,3,8,7,5,4
EMP-245,Felix Gupta,Finance,0,4.1,0,540,1,25.1,20.0,32.4,5,3,6,4,5,3,4,0
EMP-246,Noah Patel,Finance,0,11.6,1,7,1,14.3,27.4,51.6,7,0,5,2,5,1,9,1
EMP-247,Kai Yilmaz,Finance,1,4.1,2,240,1,27.3,38.0,45.6,4,1,7,2,6,6,3,0
EMP-248,Hana Gupta,Human Resources,0,0.9,0,540,0,29.2,14.0,5.5,9,9,6,6,6,5,5,4
EMP-249,Theo Singh,Human Resources,2,0.5,2,40,1,17.1,88.0,61.0,7,2,3,1,8,1,6,1
EMP-250,Kai Novak,Human Resources,2,1.4,1,77,0,5.0,14.0,15.2,6,5,6,6,7,7,6,6
EMP-251,Victor Mahraniya,Human Resources,0,1.0,2,35,0,27.0,66.5,46.1,3,1,7,7,9,5,10,1
EMP-252,Kavya Castillo,Human Resources,0,8.4,2,312,0,20.7,26.5,54.4,11,4,5,2,4,1,10,0
EMP-253,Felix Chen,Human Resources,0,2.9,1,386,0,29.6,20.7,42.6,3,1,5,3,5,4,7,1
EMP-254,Felix Olsen,Human Resources,0,1.1,4,105,0,0.0,58.3,78.6,7,0,7,0,2,0,8,1
EMP-255,Ethan Lopez,Human Resources,0,4.6,4,25,0,23.1,91.4,81.0,8,1,8,1,3,1,3,0
EMP-256,Fatima Olsen,Human Resources,2,0.2,2,209,1,43.4,22.1,40.8,7,2,5,3,7,6,6,2
EMP-257,Rosa Suzuki,Human Resources,0,0.6,1,483,0,38.4,27.8,22.5,4,2,8,3,3,2,2,1
EMP-258,Aarav Olsen,Human Resources,0,6.7,3,18,1,1.1,91.6,65.3,5,0,8,1,5,2,11,2
EMP-259,Sara Mahraniya,Human Resources,0,0.1,3,141,0,29.6,39.4,46.3,8,3,7,2,6,4,6,1
EMP-260,Sara Castillo,Human Resources,1,2.3,4,186,1,48.1,73.0,63.9,6,3,9,5,13,4,11,3
EMP-261,Sofia Costa,Human Resources,0,3.1,1,31,1,37.6,55.0,42.6,5,4,6,3,6,4,4,3
EMP-262,Leila Weber,Human Resources,0,1.8,2,540,1,33.7,24.8,35.0,6,4,3,2,6,6,7,3
EMP-263,Yusuf Gupta,Human Resources,0,0.4,3,123,1,29.1,56.3,50.6,6,4,4,2,5,2,3,1
EMP-264,Mei Garcia,Human Resources,0,5.9,1,540,0,39.6,16.2,25.1,8,4,4,0,5,3,6,3
EMP-265,Luca Tanaka,Human Resources,0,3.0,1,34,1,8.8,106.0,57.5,6,1,8,1,8,1,7,3
EMP-266,Jonas Castillo,Human Resources,0,13.8,0,540,1,38.5,28.8,4.1,5,5,5,4,3,3,5,3
EMP-267,Victor Murphy,Human Resources,0,6.9,0,540,0,29.8,5.1,2.4,8,7,8,8,3,3,4,2
EMP-268,Mateo Murphy,Human Resources,0,1.2,3,128,1,24.9,63.2,63.8,6,2,5,0,6,1,6,0
EMP-269,Yara Castillo,Human Resources,0,0.3,2,421,1,19.7,31.6,26.1,8,4,6,2,4,4,7,1
EMP-270,Victor Fischer,Human Resources,0,20.8,5,207,1,25.8,103.3,75.2,5,0,6,2,5,0,8,0
EMP-271,Elif Dubois,Human Resources,1,2.5,6,35,1,13.8,220.0,96.5,9,0,6,0,7,1,6,0
EMP-272,Aisha Eriksen,Human Resources,0,3.8,0,540,0,32.7,228.3,25.5,6,2,6,2,10,4,4,1
EMP-273,Sara Eriksen,Human Resources,0,4.8,3,30,0,16.2,166.6,77.8,8,2,5,0,7,1,5,1
EMP-274,Rosa Singh,Human Resources,0,4.6,0,540,0,40.6,12.7,14.4,7,7,9,7,10,8,7,4
EMP-275,Mei Varga,Human Resources,1,3.4,5,525,0,19.6,29.5,53.6,5,1,8,1,7,4,7,4
EMP-276,Kai Eriksen,Human Resources,0,1.6,5,23,1,0.0,191.5,94.7,9,0,6,0,3,1,7,1
EMP-277,Omar Sato,Human Resources,0,14.8,2,121,0,27.5,41.2,33.5,5,2,7,3,4,3,7,2
EMP-278,Daniel Andersen,Human Resources,0,1.1,5,128,0,31.1,46.9,65.6,5,2,8,1,5,1,6,1
EMP-279,Aarav Yilmaz,Human Resources,0,1.3,1,86,1,36.5,12.7,18.9,9,3,8,4,12,9,4,3
EMP-280,Sara Chen,Human Resources,0,1.8,3,79,0,9.8,87.9,86.8,4,0,4,0,4,1,6,0
EMP-281,Noah Young,Human Resources,0,0.9,4,208,1,0.0,117.2,42.9,6,0,5,0,3,1,6,1
EMP-282,Daniel Nguyen,Human Resources,1,1.8,1,45,0,32.4,14.8,5.2,5,5,6,5,6,6,5,3
EMP-283,Ethan Haddad,Human Resources,0,4.4,3,138,1,41.7,39.3,38.3,7,5,9,3,8,5,6,4
EMP-284,Aisha Jensen,Human Resources,1,0.9,0,540,1,19.4,60.8,48.0,4,1,4,0,12,1,6,0
EMP-285,Fatima Kim,Human Resources,0,8.2,3,35,0,19.4,52.4,79.6,7,1,4,1,4,3,6,0
EMP-286,Nadia Ivanova,Human Resources,0,23.1,0,540,1,18.6,68.4,61.3,9,3,9,1,5,4,5,2
EMP-287,Yusuf Silva,Human Resources,1,4.0,1,16,1,9.5,120.7,54.6,6,0,7,1,7,0,3,0
EMP-288,Jana Jensen,Human Resources,2,1.0,1,323,0,38.3,26.3,30.3,8,6,4,3,7,4,6,2
EMP-289,Nora Nakamura,Human Resources,0,3.7,3,4,1,2.5,234.5,92.1,4,0,5,0,5,0,3,0
EMP-290,Daniel Bianchi,Human Resources,1,1.6,2,67,0,31.7,14.1,31.0,5,2,8,1,8,7,4,1
EMP-291,Yara Mahraniya,Human Resources,1,1.5,1,147,1,13.2,18.3,43.5,7,4,4,0,10,7,7,4
EMP-292,Mateo Varga,Human Resources,0,4.7,5,71,1,21.0,28.5,65.7,4,1,3,0,4,2,4,1
EMP-293,Priya Quinn,Human Resources,0,4.5,2,222,1,6.3,153.4,71.2,11,3,8,0,6,0,5,0
EMP-294,Lina Petrov,Human Resources,0,0.7,2,27,0,28.9,35.4,41.3,5,0,3,0,5,2,7,2
EMP-295,Daniel Rossi,Human Resources,1,8.1,2,14,1,14.2,99.4,76.2,5,0,5,1,8,1,8,2
EMP-296,Diego Quinn,Human Resources,1,0.1,2,253,1,30.5,41.3,56.5,6,0,9,6,5,2,5,1
EMP-297,Nadia Andersen,Human Resources,1,5.7,2,108,1,13.8,52.0,50.6,6,3,5,0,8,3,7,1
EMP-298,Maya Zimmer,Human Resources,0,0.7,1,237,1,19.7,40.0,24.9,8,3,7,1,7,5,7,1
EMP-299,Emma Singh,Human Resources,0,6.3,1,93,1,37.5,60.8,25.2,2,1,7,2,6,4,6,0
EMP-300,Aarav Zimmer,Human Resources,2,6.8,0,540,1,25.3,44.4,24.0,6,4,7,4,5,4,8,4
EMP-301,Diego Garcia,Human Resources,1,12.2,0,540,0,21.8,12.5,12.4,7,7,4,3,10,8,4,1
EMP-302,Diego Olsen,Human Resources,0,1.5,0,540,1,29.3,52.0,25.2,4,2,5,3,4,2,5,1
EMP-303,Rosa Yilmaz,Human Resources,1,1.6,2,126,1,12.5,70.0,68.9,6,1,5,0,9,2,6,0
EMP-304,Chloe Sato,Human Resources,0,0.2,1,27,1,24.0,59.4,14.7,7,7,4,3,6,5,5,2
EMP-305,Amelia Larsen,Human Resources,1,0.3,1,27,0,18.4,18.5,10.6,7,7,9,6,4,4,10,9
EMP-306,Tariq Quinn,Human Resources,1,9.7,1,3,1,18.6,46.4,79.6,10,3,11,0,4,3,4,0
EMP-307,Noah Sato,Human Resources,0,1.9,5,143,0,24.0,45.2,71.7,4,2,10,2,9,3,7,2
EMP-308,Mei Zimmer,Human Resources,0,4.0,2,155,0,9.9,51.9,74.6,7,2,6,1,7,1,6,0
EMP-309,Amelia Ivanova,Human Resources,0,6.3,3,274,1,50.5,11.8,49.8,10,4,11,6,5,3,4,1
EMP-310,Ethan Kaur,Human Resources,1,2.1,1,4,0,27.8,26.8,29.1,9,4,9,3,5,4,4,1
EMP-311,Alejandro Zimmer,Human Resources,1,0.1,4,3,1,7.7,100.2,76.8,7,1,5,0,6,0,4,0
EMP-312,Camila Petrov,Human Resources,0,11.6,2,127,0,42.3,38.2,23.3,9,8,7,5,5,4,7,4
EMP-313,Maya Sato,Human Resources,0,4.0,3,10,0,38.5,19.2,15.3,4,4,7,6,4,2,4,2
EMP-314,Aisha Zhang,Human Resources,2,11.2,1,172,0,22.9,15.4,5.5,3,3,8,6,9,8,6,4
EMP-315,Jana Suzuki,Marketing,0,0.1,3,61,0,27.9,108.6,71.0,7,1,6,1,8,4,3,1
EMP-316,Nadia Singh,Marketing,1,3.3,1,68,0,12.2,87.7,71.9,11,3,3,1,4,2,7,1
EMP-317,Nadia Gupta,Marketing,0,2.7,1,27,1,14.7,78.9,47.6,5,1,6,3,2,1,5,0
EMP-318,Theo Kaur,Marketing,1,0.1,0,540,1,31.4,39.7,38.5,9,3,5,2,8,0,7,1
EMP-319,Maya Petrov,Marketing,1,3.6,0,540,0,33.6,26.9,9.5,3,2,8,4,11,10,4,0
EMP-320,Nora Olsen,Marketing,0,0.2,1,101,1,18.3,53.6,37.7,7,2,6,2,5,1,6,1
EMP-321,Theo Quinn,Marketing,0,9.2,0,540,1,16.6,36.5,14.9,9,5,7,6,7,7,11,3
EMP-322,Hana Sato,Marketing,2,1.5,0,540,1,26.4,79.6,39.6,9,0,3,1,6,5,4,2
EMP-323,Ethan Novak,Marketing,0,3.5,1,67,1,15.6,144.3,76.3,4,0,7,3,8,3,7,0
EMP-324,Daniel Nakamura,Marketing,0,2.9,3,20,1,22.5,139.1,82.7,3,0,7,2,6,3,6,0
EMP-325,Chloe Murphy,Marketing,0,0.6,2,96,1,14.2,127.9,76.9,4,0,5,1,4,1,4,0
EMP-326,Maya Larsen,Marketing,1,0.1,4,34,1,14.7,115.2,85.8,7,1,8,2,6,0,4,0
EMP-327,Anika Varga,Marketing,1,2.4,3,178,0,14.7,71.0,64.0,3,0,6,0,5,3,5,2
EMP-328,Grace Nguyen,Marketing,1,2.4,1,25,1,2.6,53.4,32.2,3,0,6,2,4,3,5,0
EMP-329,Sofia Kowalski,Marketing,0,6.9,0,540,1,36.1,64.2,48.5,12,5,7,3,10,6,7,3
EMP-330,Chloe Zimmer,Marketing,0,13.5,3,134,0,29.2,15.9,64.3,8,1,6,2,4,1,3,0
EMP-331,Diego Weber,Marketing,1,3.7,3,83,1,32.2,41.7,35.7,6,1,6,2,5,1,4,3
EMP-332,Sara Varga,Marketing,1,3.3,3,9,1,19.3,67.9,44.9,6,1,5,2,5,2,5,1
EMP-333,Kavya Eriksen,Marketing,0,10.5,6,66,1,15.9,325.1,90.2,6,0,5,1,5,1,5,0
EMP-334,Hana Dubois,Marketing,0,2.5,5,67,1,13.2,36.9,72.0,4,1,10,5,5,1,4,0
EMP-335,Mateo Hughes,Marketing,1,7.1,1,540,1,32.7,16.2,23.7,5,3,8,8,7,4,8,5
EMP-336,Yara Chen,Marketing,0,1.3,6,273,1,17.8,43.5,86.9,4,0,9,1,5,1,6,1
EMP-337,Liam Patel,Marketing,0,4.7,5,31,1,22.2,77.4,83.3,6,0,9,1,4,0,7,0
EMP-338,Elif Varga,Marketing,1,5.7,0,540,1,38.4,53.0,46.6,6,2,5,2,7,4,10,4
EMP-339,Felix Fischer,Marketing,1,5.2,2,152,1,26.8,52.2,59.0,6,2,5,3,4,3,5,1
EMP-340,Uma Nguyen,Marketing,0,0.1,3,415,1,12.8,75.7,40.6,4,1,7,3,3,1,8,2
EMP-341,Nadia Murphy,Marketing,0,1.2,5,315,1,29.0,28.2,37.7,4,2,6,1,6,4,5,2
EMP-342,Jonas Nakamura,Marketing,0,1.3,3,233,1,30.7,29.5,34.9,4,2,9,6,9,6,10,3
EMP-343,Ethan Mahraniya,Marketing,0,6.3,2,71,1,11.7,158.7,62.7,6,1,6,2,4,2,7,1
EMP-344,Jana Castillo,Marketing,1,2.6,3,124,1,14.6,32.0,57.9,5,0,4,0,6,1,4,0
EMP-345,Victor Mensah,Marketing,0,0.8,1,141,1,35.7,44.8,26.8,7,1,4,2,5,5,7,2
EMP-346,Aisha Lopez,Marketing,0,2.4,0,540,0,51.2,8.7,4.1,4,3,5,4,2,2,6,6
EMP-347,Omar Okafor,Marketing,0,0.6,4,65,1,41.4,20.7,28.7,4,0,5,2,7,1,7,1
EMP-348,Maya Weber,Marketing,0,1.3,0,540,0,1.6,9.3,27.1,7,6,7,6,6,6,5,3
EMP-349,Aisha Moreau,Marketing,0,1.9,1,137,1,9.3,70.0,32.1,4,1,7,4,5,2,6,0
EMP-350,Jonas Quinn,Marketing,0,0.7,1,134,1,28.8,19.5,15.9,9,6,3,3,5,4,6,3
EMP-351,Rosa Kim,Marketing,1,4.1,1,98,1,32.6,44.1,40.4,4,2,7,2,6,1,7,6
EMP-352,Nadia Brooks,Marketing,0,0.8,2,122,1,25.7,86.9,29.6,8,3,4,3,2,1,6,2
EMP-353,Camila Castillo,Marketing,0,0.4,2,154,1,20.3,83.2,71.9,9,0,5,2,10,3,6,1
EMP-354,Hana Kaur,Marketing,1,9.1,1,64,0,35.7,11.7,7.3,3,1,7,4,7,6,6,1
EMP-355,Emma Kaur,Marketing,0,2.1,1,63,1,43.2,40.5,58.3,5,2,7,3,5,3,4,1
EMP-356,Yusuf Dubois,Marketing,1,8.1,1,540,1,33.4,33.6,19.2,6,4,3,3,6,4,4,1
EMP-357,Luca Wagner,Marketing,1,1.6,2,83,0,10.8,36.0,18.6,8,7,6,5,3,2,7,2
EMP-358,Hana Murphy,Marketing,1,3.9,2,9,1,16.0,55.4,73.8,6,2,8,3,6,2,4,0
EMP-359,Nadia Schmidt,Marketing,0,0.9,6,18,1,21.4,19.3,53.0,8,2,7,4,4,2,8,0
EMP-360,Mia Walsh,Marketing,1,2.5,3,215,1,31.4,49.8,79.4,4,0,10,2,5,2,6,1
EMP-361,Hugo Bianchi,Marketing,0,3.0,5,7,1,0.0,223.6,94.4,3,0,4,0,5,0,7,0
EMP-362,Theo Garcia,Marketing,1,2.4,0,540,0,29.1,18.5,8.6,5,3,5,4,5,3,6,3
EMP-363,Luca Brooks,Marketing,1,0.6,2,85,1,19.6,197.8,69.6,4,0,10,1,6,1,6,1
EMP-364,Hugo Andersen,Marketing,0,6.3,5,32,1,20.7,85.0,86.9,8,1,8,0,6,1,5,0
EMP-365,Sam Castillo,Marketing,1,0.2,0,540,1,20.2,112.9,48.3,5,1,6,1,5,4,3,1
EMP-366,Hana Castillo,Marketing,0,7.4,3,10,1,30.8,99.5,72.2,9,4,10,2,5,2,4,2
EMP-367,Rahul Hughes,Marketing,0,3.2,1,63,1,32.1,27.9,38.2,10,4,6,2,3,1,10,3
EMP-368,Anika Jensen,Marketing,0,4.8,7,3,1,26.0,237.2,96.3,4,0,5,0,5,0,5,0
EMP-369,Chloe Okafor,Marketing,0,13.9,1,6,0,18.9,32.9,30.5,6,2,3,0,8,4,7,1
EMP-370,Aarav Lopez,Marketing,1,0.4,0,540,1,20.1,62.8,12.0,4,4,4,1,9,5,7,4
EMP-371,Omar Nakamura,Marketing,0,0.6,0,540,1,33.9,30.3,37.5,7,3,6,4,9,9,3,1
EMP-372,Hugo Suzuki,Marketing,0,2.6,3,35,1,6.1,119.7,68.1,2,1,2,1,6,1,2,0
EMP-373,Daniel Bauer,Marketing,1,2.3,4,256,1,18.9,145.2,90.5,10,0,5,1,6,0,9,0
EMP-374,Noah Weber,Marketing,0,6.4,5,6,1,24.4,76.7,85.8,8,0,7,0,8,0,5,0
EMP-375,Grace Costa,Marketing,0,4.4,0,540,0,49.8,11.1,3.4,7,7,7,6,6,6,5,4
EMP-376,Elif Jensen,Marketing,0,4.3,5,64,1,26.0,83.3,90.5,4,0,7,0,4,1,3,0
EMP-377,Amelia Garcia,Marketing,0,4.1,1,102,1,8.0,101.0,71.2,5,1,3,0,8,3,6,3
EMP-378,Ethan Kowalski,Marketing,0,2.9,2,10,0,15.5,11.6,32.9,5,3,7,6,7,7,8,5
EMP-379,Sam Kowalski,Marketing,0,6.2,4,11,1,17.1,77.1,80.9,3,0,6,1,8,2,5,2
EMP-380,Noah Zhang,Marketing,0,5.2,0,540,0,18.3,15.1,8.5,6,5,7,6,7,6,6,5
EMP-381,Hugo Mahraniya,Marketing,1,0.2,2,25,1,29.6,20.4,37.9,5,0,8,6,3,1,7,2
EMP-382,Alejandro Adeyemi,Marketing,0,1.4,2,33,1,19.9,20.7,28.0,6,1,7,4,4,2,7,2
EMP-383,Aisha Yilmaz,Marketing,1,9.5,2,478,1,27.1,35.7,58.4,4,2,5,2,4,2,8,1
EMP-384,Nadia Sato,Marketing,1,2.3,2,186,0,29.4,80.0,50.6,7,1,7,2,5,3,5,3
EMP-385,Ethan Petrov,Marketing,1,3.7,2,530,1,30.5,27.2,22.7,8,7,6,6,7,7,5,1
EMP-386,Mei Ivanova,Marketing,0,6.5,3,15,0,20.6,92.0,58.7,4,1,6,3,10,5,4,0
EMP-387,Maya Chen,Marketing,0,1.2,4,3,0,9.2,90.5,81.7,5,0,3,0,6,3,7,0
EMP-388,Sofia Torres,Marketing,0,9.8,2,58,1,28.9,129.7,36.9,7,2,6,1,5,4,6,2
EMP-389,Luca Varga,Marketing,1,10.4,3,63,1,34.3,40.3,48.0,4,0,5,2,7,3,2,1
EMP-390,Mia Rossi,Marketing,1,5.8,3,39,1,14.4,326.6,90.6,6,0,8,0,7,1,4,0
EMP-391,Liam Petrov,Marketing,1,1.7,3,39,1,6.9,200.5,64.6,3,1,10,2,7,1,4,0
EMP-392,Isaac Walsh,Marketing,0,1.9,2,169,1,25.7,105.7,69.6,9,3,4,0,9,3,6,0
EMP-393,Fatima Hughes,Marketing,0,0.9,3,133,1,0.0,117.8,76.2,5,1,6,1,7,1,5,0
EMP-394,Jonas Gupta,Marketing,0,0.5,2,61,1,4.4,46.5,69.2,6,1,7,2,4,3,7,1
EMP-395,Uma Yilmaz,Marketing,0,6.1,3,69,0,32.3,43.0,37.3,7,1,6,4,5,3,4,1
EMP-396,Sam Dubois,Marketing,0,0.5,2,8,1,17.2,60.0,25.8,4,2,7,3,5,2,5,2
EMP-397,Liam Mahraniya,Marketing,0,1.7,0,540,1,34.2,61.8,46.0,4,2,5,3,11,5,5,1
EMP-398,Amelia Dubois,Marketing,0,1.7,0,540,1,27.5,71.6,13.6,9,2,5,3,7,5,5,2
EMP-399,Aarav Brooks,Marketing,0,2.0,2,132,0,36.0,57.6,26.1,5,3,6,4,10,7,6,3
EMP-400,Sam Young,Marketing,0,12.6,0,540,1,31.4,16.5,10.3,3,2,5,4,4,3,8,7
EMP-401,Hana Nguyen,Marketing,0,0.5,1,67,1,14.4,76.6,72.5,5,1,4,0,7,0,5,1
EMP-402,Elif Bianchi,Marketing,0,5.7,1,54,1,30.2,63.6,36.2,5,1,8,2,6,5,8,3
EMP-403,Ben Varga,Marketing,0,1.9,3,195,0,28.3,24.9,56.5,5,1,6,2,3,2,5,0
EMP-404,Leila Petrov,Marketing,0,0.5,1,65,1,29.9,53.1,30.3,8,1,6,2,4,2,6,0
EMP-405,Sofia Kim,Marketing,1,0.3,2,118,1,23.6,60.8,63.9,11,0,8,4,5,2,5,0
EMP-406,Rahul Ivanova,Marketing,0,21.3,1,147,0,39.9,54.0,51.0,6,3,8,3,5,1,5,1
EMP-407,Theo Kim,Marketing,0,1.3,1,3,1,46.1,58.1,53.1,6,3,10,1,4,1,2,1
EMP-408,Alejandro Okafor,Marketing,0,1.9,0,540,0,20.7,56.2,41.1,7,3,8,6,5,1,5,0
EMP-409,Emma Fischer,Marketing,1,6.2,2,3,0,12.5,127.1,51.5,6,0,6,0,5,0,6,1
EMP-410,Hugo Novak,Marketing,0,4.4,2,101,1,19.9,58.1,36.5,6,3,6,4,5,3,10,2
EMP-411,Aarav Jensen,Marketing,2,3.2,0,540,1,42.0,8.0,2.1,6,5,7,7,7,6,6,6
EMP-412,Kavya Lopez,Marketing,0,2.5,1,297,1,6.9,117.4,40.3,5,2,9,3,8,3,6,2
EMP-413,Omar Larsen,Marketing,1,1.1,3,146,1,29.8,89.5,58.5,6,0,7,1,11,3,2,0
EMP-414,Grace Bauer,Marketing,0,0.1,1,12,0,23.4,114.5,63.2,5,1,7,3,4,3,4,1
EMP-415,Isaac Haddad,Marketing,0,6.0,5,9,1,0.0,260.3,92.8,9,0,6,0,6,0,6,0
EMP-416,Kai Garcia,Marketing,0,2.4,1,12,0,22.5,29.3,11.2,4,3,5,3,6,5,7,4
EMP-417,Leila Castillo,Marketing,1,4.8,6,72,1,11.5,54.5,78.8,5,1,4,0,4,2,8,0
EMP-418,Mei Kaur,Marketing,0,5.4,1,434,1,15.8,50.1,64.7,3,1,9,3,6,3,12,1
EMP-419,Nadia Torres,Marketing,0,10.4,3,46,1,19.7,72.6,41.1,3,0,6,3,8,4,6,1
EMP-420,Nadia Zimmer,Marketing,1,0.2,1,114,0,29.7,34.6,24.6,3,1,6,5,4,4,4,1
EMP-421,Aarav Castillo,Marketing,0,2.3,0,540,0,29.3,30.6,10.9,4,3,6,6,7,6,6,4
EMP-422,Diego Murphy,Marketing,2,4.5,2,87,1,33.8,37.4,32.5,6,1,4,2,4,3,4,1
EMP-423,Priya Bauer,Marketing,0,4.8,0,540,0,38.5,54.1,16.8,4,3,8,6,9,6,7,4
EMP-424,Liam Andersen,Marketing,0,1.0,3,34,1,32.4,17.6,35.4,9,4,5,1,9,6,5,2
EMP-425,Isaac Kowalski,Marketing,2,6.1,0,540,0,20.1,7.8,11.9,6,6,4,3,6,4,5,2
EMP-426,Ben Silva,Marketing,0,0.2,2,164,1,31.5,20.9,24.8,5,2,5,3,9,5,6,2
EMP-427,Diego Varga,Marketing,0,0.4,2,217,1,23.1,102.2,30.9,6,1,5,2,9,4,6,0
EMP-428,Uma Singh,Marketing,0,2.4,1,25,1,27.2,29.1,17.2,8,6,5,3,5,3,8,0
EMP-429,Leila Zhang,Marketing,0,2.2,3,540,1,31.4,38.5,11.1,6,3,6,3,7,6,7,4
EMP-430,Jana Yilmaz,Marketing,0,1.5,3,74,1,18.1,62.5,80.8,7,1,5,1,4,1,8,0
EMP-431,Mia Eriksen,Marketing,0,3.9,2,129,1,10.1,68.7,29.8,5,1,6,3,8,3,10,1
EMP-432,Ines Yilmaz,Marketing,0,3.3,3,292,0,18.7,53.4,73.8,6,0,7,0,7,3,7,0
EMP-433,Rosa Torres,Marketing,0,4.1,2,264,1,35.5,55.9,41.0,5,2,3,2,7,3,7,5
EMP-434,Diego Bauer,Marketing,1,13.4,1,220,1,13.2,51.7,46.6,8,3,7,5,4,1,4,0
EMP-435,Uma Petrov,Marketing,0,11.6,2,104,0,21.1,30.7,14.4,7,4,8,7,9,6,6,0
EMP-436,Sam Nguyen,Marketing,0,10.1,5,17,1,28.5,53.4,79.9,6,2,6,1,9,2,3,0
EMP-437,Nadia Dubois,Marketing,1,0.9,0,540,1,40.3,68.4,19.7,4,2,8,8,4,3,3,2
EMP-438,Aisha Wagner,Marketing,0,0.6,1,184,1,30.8,14.8,9.0,6,3,5,5,6,5,3,2
EMP-439,Priya Weber,Marketing,0,0.6,3,44,1,0.0,194.6,80.5,7,0,8,5,6,1,7,0
EMP-440,Tariq Walsh,Marketing,0,3.0,0,540,1,16.2,64.6,63.8,3,0,10,2,7,4,6,0
EMP-441,Sara Hughes,Marketing,0,1.6,2,95,1,35.2,23.9,20.8,6,2,4,2,6,6,6,1
EMP-442,Ben Andersen,Marketing,0,1.5,2,64,1,34.6,52.2,30.8,8,0,6,4,4,3,3,0
EMP-443,Alejandro Dubois,Marketing,1,0.1,1,19,1,9.0,19.1,23.0,8,3,6,3,5,2,5,3
EMP-444,Sam Mensah,Marketing,2,2.5,1,43,1,26.5,151.9,57.0,7,1,3,0,6,1,7,0
EMP-445,Camila Moreau,Marketing,0,4.2,1,106,1,15.8,85.0,51.8,6,0,8,4,3,0,6,1
EMP-446,Amelia Tanaka,Marketing,0,4.7,0,540,1,46.4,10.9,3.8,6,6,8,6,5,5,7,5
EMP-447,Aisha Tanaka,Marketing,0,3.6,3,81,1,25.7,52.2,71.0,7,0,5,2,5,2,4,0
EMP-448,Nora Wagner,Marketing,0,0.9,0,540,1,28.0,20.2,15.2,3,1,5,4,6,3,7,3
EMP-449,Grace Patel,Marketing,0,14.1,1,461,1,17.2,97.5,32.4,3,2,5,4,5,3,4,1
EMP-450,Hana Adeyemi,Marketing,0,6.3,2,130,0,34.0,30.0,30.4,8,3,8,7,8,4,8,3
EMP-451,Mateo Brooks,Marketing,0,11.6,2,193,0,21.4,16.2,22.5,4,2,4,3,7,6,7,1
EMP-452,Yara Petrov,Marketing,1,0.3,0,540,1,22.1,47.4,25.9,7,3,6,3,7,3,4,2
EMP-453,Nora Castillo,Marketing,0,7.6,5,159,1,15.0,63.9,85.8,2,0,6,1,4,1,5,0
EMP-454,Sofia Quinn,Marketing,0,8.9,0,540,0,50.4,30.0,35.3,2,0,8,7,8,7,7,5
EMP-455,Anika Young,Marketing,0,1.8,4,210,1,14.0,106.9,75.1,5,0,8,0,6,1,8,0
EMP-456,Yara Olsen,Marketing,0,1.0,1,160,0,47.7,60.7,35.2,5,3,9,5,6,6,6,3
EMP-457,Hana Brooks,Marketing,0,1.7,2,41,1,23.4,87.3,58.3,4,0,4,2,4,1,8,1
EMP-458,Hana Ivanova,Marketing,1,0.4,1,104,0,19.4,88.5,61.8,6,1,6,3,4,2,7,2
EMP-459,Victor Zhang,Marketing,2,0.5,6,105,1,22.7,69.0,69.3,7,1,4,0,10,3,4,0
EMP-460,Yara Torres,Marketing,0,6.8,1,31,1,35.0,17.7,11.1,5,5,9,9,4,4,7,4
EMP-461,Mateo Patel,Marketing,0,2.3,1,171,1,29.0,19.6,30.9,5,3,5,5,9,7,2,1
EMP-462,Leila Brooks,Marketing,1,0.9,4,36,1,7.3,104.4,79.6,3,0,3,1,6,1,5,0
EMP-463,Mei Wagner,Marketing,1,2.0,2,211,0,45.5,59.8,30.5,7,5,5,2,5,2,9,2
EMP-464,Ines Zimmer,Marketing,0,3.7,2,42,0,28.0,38.5,24.7,5,2,8,4,5,2,6,2
EMP-465,Alejandro Suzuki,Marketing,1,0.4,1,131,0,24.7,20.4,24.3,10,4,7,4,4,3,6,2
EMP-466,Sam Torres,Marketing,0,1.3,2,397,1,23.6,41.4,42.1,4,2,6,2,8,1,6,2
EMP-467,Ethan Brooks,Marketing,1,0.4,2,49,0,15.2,26.7,50.8,6,3,11,6,6,3,12,3
EMP-468,Rahul Eriksen,Marketing,0,3.6,1,3,1,30.0,38.0,56.5,7,1,9,4,6,1,4,2
EMP-469,Jonas Jensen,Marketing,0,2.9,4,3,1,18.5,218.6,86.9,4,0,8,0,4,0,5,0
EMP-470,Sara Young,Marketing,2,2.8,0,540,0,25.0,9.9,11.1,5,4,3,3,8,8,8,5
EMP-471,Theo Kowalski,Marketing,1,6.1,1,28,1,35.2,35.4,32.4,5,3,4,3,5,3,5,1
EMP-472,Rosa Schmidt,Marketing,1,1.4,0,540,1,46.0,82.3,15.7,7,5,11,8,6,4,5,1
EMP-473,Daniel Adeyemi,Marketing,0,1.7,2,193,1,14.4,52.1,60.9,5,0,5,2,12,5,5,0
EMP-474,Mei Bianchi,Marketing,0,3.9,0,540,1,16.6,30.0,6.8,7,4,5,4,7,3,6,3
EMP-475,Mia Kaur,Marketing,0,5.8,3,137,1,16.8,50.9,50.5,8,2,5,3,8,4,9,2
EMP-476,Tariq Chen,Marketing,1,0.4,5,18,1,16.4,43.6,84.1,7,0,9,0,7,3,4,1
EMP-477,Theo Haddad,Marketing,1,2.9,2,245,0,44.5,29.0,6.9,6,4,4,3,7,5,11,6
EMP-478,Tariq Patel,Marketing,1,0.2,4,18,0,22.7,186.3,91.6,7,0,3,1,9,0,4,0
EMP-479,Ines Weber,Marketing,0,7.5,1,294,1,28.4,23.0,25.4,5,4,6,5,8,7,5,2
EMP-480,Noah Kim,Marketing,1,5.9,0,540,1,22.3,32.4,20.7,7,3,7,7,6,5,5,3
EMP-481,Mateo Okafor,Marketing,0,1.8,2,294,0,34.5,54.3,37.1,10,4,8,8,2,2,4,2
EMP-482,Ben Olsen,Marketing,0,0.4,2,113,0,13.7,34.1,60.8,6,3,5,2,8,2,7,0
EMP-483,Aisha Kim,Marketing,0,4.4,2,236,1,27.6,29.7,36.4,5,1,8,2,6,1,7,3
EMP-484,Nadia Novak,Marketing,1,1.6,1,51,0,42.1,35.6,23.0,5,3,6,5,3,3,5,3
EMP-485,Hugo Moreau,Marketing,1,3.1,1,205,1,14.2,78.2,52.0,5,1,11,4,8,5,4,2
EMP-486,Fatima Haddad,Marketing,0,2.7,3,237,1,18.4,54.1,71.9,4,0,11,1,6,1,6,1
EMP-487,Anika Silva,Marketing,0,3.7,3,80,1,12.3,116.8,66.2,8,0,5,0,4,0,4,0
EMP-488,Ben Eriksen,Marketing,0,1.4,2,43,1,38.6,47.7,19.8,7,2,4,4,8,6,8,1
EMP-489,Yara Quinn,Marketing,0,5.3,0,540,0,43.0,31.8,5.9,11,10,5,4,6,6,9,6
EMP-490,Hana Mensah,Marketing,0,1.8,2,30,1,19.2,22.3,22.3,4,1,9,7,9,5,4,1
EMP-491,Daniel Singh,Marketing,0,7.2,1,398,1,53.7,39.1,7.8,8,6,7,6,6,5,5,5
EMP-492,Sam Petrov,Marketing,0,0.5,3,138,0,21.0,21.9,55.1,6,2,7,1,4,2,4,1
EMP-493,Hugo Costa,Marketing,0,0.3,2,359,0,17.2,82.8,70.2,7,2,8,0,7,3,5,1
EMP-494,Uma Mensah,Marketing,1,2.9,3,40,1,30.8,158.3,75.6,6,0,6,0,6,0,4,0
EMP-495,Felix Patel,Marketing,0,4.4,2,264,1,23.9,23.7,21.0,6,6,7,6,7,4,6,1
EMP-496,Mia Murphy,Marketing,0,1.7,1,3,1,0.0,63.4,72.8,8,2,7,4,8,2,4,0
EMP-497,Aisha Fischer,Marketing,0,0.2,0,540,0,32.6,21.0,2.2,5,3,7,5,9,8,10,7
EMP-498,Tariq Novak,Marketing,0,1.8,2,119,1,26.4,99.7,57.8,6,2,6,1,5,2,6,0
EMP-499,Liam Kowalski,Marketing,1,3.8,2,71,1,25.8,59.5,52.7,4,0,6,1,5,2,5,2
EMP-500,Victor Eriksen,Marketing,2,4.1,4,89,1,27.9,83.6,64.4,5,1,4,0,6,3,5,1
EMP-501,Leila Larsen,Marketing,0,7.2,1,67,0,21.6,147.0,70.4,11,0,3,0,6,2,8,0
EMP-502,Aarav Larsen,Marketing,0,1.7,4,219,1,13.3,68.4,50.0,7,3,9,3,5,1,3,0
EMP-503,Yusuf Lopez,Marketing,0,7.0,1,30,1,19.9,53.0,74.8,6,2,5,1,6,4,4,1
EMP-504,Liam Costa,Marketing,0,0.1,4,31,1,9.5,164.8,78.1,4,1,7,1,5,0,8,0
EMP-505,Ethan Weber,Marketing,1,0.7,3,49,1,9.1,131.5,76.1,8,0,5,1,7,3,6,0
EMP-506,Aarav Young,Marketing,0,1.9,1,3,0,33.8,35.1,12.9,6,5,3,2,4,4,4,2
EMP-507,Ines Jensen,Marketing,0,1.5,3,143,0,33.2,50.9,19.6,2,1,2,0,6,4,6,1
EMP-508,Kavya Brooks,Marketing,0,2.4,1,540,1,17.6,95.9,19.7,2,0,7,4,4,2,4,1
EMP-509,Liam Moreau,Marketing,0,5.1,0,540,0,44.0,27.8,5.3,5,5,11,11,8,8,3,3
EMP-510,Priya Brooks,Marketing,2,1.3,3,232,1,30.8,42.9,34.5,9,2,8,3,9,5,7,1
EMP-511,Kavya Nguyen,Marketing,0,1.1,1,77,1,18.6,38.7,29.3,6,0,3,2,5,3,8,1
EMP-512,Yusuf Kaur,Marketing,1,2.1,3,61,1,25.2,62.0,84.0,4,0,5,2,4,1,7,1
EMP-513,Amelia Kaur,Marketing,0,4.9,1,60,1,2.8,95.8,61.6,3,0,6,1,5,3,8,0
EMP-514,Camila Bianchi,Marketing,1,4.8,3,157,1,18.0,32.8,61.9,4,1,5,1,6,2,4,0
EMP-515,Sam Eriksen,Marketing,0,2.2,1,46,0,45.9,14.3,18.9,5,3,7,7,7,7,7,7
EMP-516,Grace Kaur,Marketing,0,1.7,2,3,1,26.9,120.4,50.7,9,0,5,1,8,1,4,0
EMP-517,Luca Petrov,Marketing,0,13.2,2,41,1,18.3,90.2,71.8,6,0,6,0,7,1,5,1
EMP-518,Jana Gupta,Marketing,0,7.1,2,122,0,16.0,95.8,73.2,6,2,7,2,6,1,6,0
EMP-519,Zoe Mensah,Marketing,0,1.3,1,48,0,20.8,50.2,17.2,10,3,5,3,7,3,5,3
EMP-520,Luca Andersen,Marketing,0,2.6,2,147,1,8.2,40.8,44.9,5,0,4,1,4,3,3,0
EMP-521,Yusuf Tanaka,Marketing,0,6.0,5,9,1,22.2,52.3,65.9,9,2,5,0,10,0,4,1
EMP-522,Omar Haddad,Marketing,0,4.8,1,34,1,9.7,37.9,47.8,10,1,5,3,5,3,5,3
EMP-523,Victor Castillo,Marketing,1,6.5,2,15,0,13.8,207.3,55.4,9,0,5,2,3,1,7,3
EMP-524,Lina Novak,Customer Support,1,1.6,4,540,0,21.9,69.0,56.7,5,4,6,4,5,3,5,0
EMP-525,Daniel Torres,Customer Support,2,4.2,1,45,0,21.7,21.3,37.8,7,5,7,6,4,2,8,2
EMP-526,Ines Patel,Customer Support,0,2.5,1,294,1,22.3,40.0,28.6,6,3,5,2,4,2,7,1
EMP-527,Amelia Sato,Customer Support,0,1.3,3,137,1,1.0,99.0,85.0,6,2,6,2,8,1,4,0
EMP-528,Daniel Fischer,Customer Support,0,3.0,2,235,1,21.8,82.3,82.1,10,1,5,0,8,0,5,0
EMP-529,Mei Nakamura,Customer Support,0,0.4,0,540,0,23.3,36.6,10.7,6,5,6,3,10,7,4,3
EMP-530,Jonas Kim,Customer Support,0,0.8,4,3,0,0.0,121.4,91.1,6,0,5,0,9,1,8,1
EMP-531,Isaac Jensen,Customer Support,0,17.8,1,378,0,24.3,73.6,22.2,8,3,5,3,6,4,7,2
EMP-532,Yara Young,Customer Support,0,4.9,2,506,1,26.3,28.6,33.6,5,2,6,1,6,3,4,3
EMP-533,Sara Jensen,Customer Support,1,8.9,2,540,0,24.9,32.2,23.8,5,3,8,5,8,6,5,3
EMP-534,Grace Kowalski,Customer Support,0,4.8,2,89,1,25.8,79.6,48.0,4,0,3,2,4,2,5,2
EMP-535,Mei Sato,Customer Support,0,3.3,1,93,1,13.9,56.4,71.7,7,2,6,0,5,3,4,0
EMP-536,Sofia Murphy,Customer Support,0,18.0,0,540,1,13.0,23.9,18.3,3,2,7,4,6,5,5,2
EMP-537,Chloe Fischer,Customer Support,0,1.9,1,43,0,19.0,35.5,39.3,6,1,6,0,4,1,9,4
EMP-538,Sara Fischer,Customer Support,0,5.9,2,192,0,39.5,54.8,22.6,7,4,3,1,7,3,6,3
EMP-539,Nadia Patel,Customer Support,0,2.0,2,210,1,28.7,43.9,46.5,8,2,3,2,7,1,7,1
EMP-540,Omar Hughes,Customer Support,1,0.4,3,54,0,7.9,103.6,67.5,8,3,7,1,4,1,5,1
EMP-541,Maya Lopez,Customer Support,0,1.7,4,23,1,0.0,241.7,93.7,9,1,8,0,2,0,6,0
EMP-542,Yusuf Novak,Customer Support,0,2.2,3,27,1,20.4,84.1,61.5,7,4,4,0,5,0,8,1
EMP-543,Luca Dubois,Customer Support,0,1.6,1,521,0,34.1,29.4,20.1,9,6,6,4,3,3,9,4
EMP-544,Omar Gupta,Customer Support,1,3.9,2,50,1,24.2,44.2,63.9,7,3,7,3,4,3,5,0
EMP-545,Emma Lopez,Customer Support,2,8.0,1,67,1,36.5,73.1,44.2,4,1,2,1,8,1,4,2
EMP-546,Omar Castillo,Customer Support,0,1.1,0,540,0,25.2,46.4,6.5,4,4,5,5,5,2,6,5
EMP-547,Jana Ivanova,Customer Support,1,8.0,0,540,0,38.1,20.1,34.6,4,3,5,4,4,2,5,4
EMP-548,Kavya Jensen,Customer Support,2,10.2,5,91,1,6.4,17.1,58.6,6,0,10,2,7,2,6,2
EMP-549,Oscar Gupta,Customer Support,1,1.1,7,177,1,18.3,66.3,74.1,8,3,5,0,5,3,8,1
EMP-550,Aisha Young,Customer Support,0,1.9,0,540,1,12.6,46.4,11.4,7,5,7,3,7,5,9,7
EMP-551,Lina Moreau,Customer Support,0,0.8,0,540,1,24.7,142.6,30.3,7,4,7,2,9,5,5,2
EMP-552,Lina Young,Customer Support,0,4.3,3,162,1,10.9,43.3,55.9,4,2,5,0,6,2,14,5
EMP-553,Noah Haddad,Customer Support,0,3.7,3,145,1,21.2,77.6,34.9,7,2,7,4,8,3,5,1
EMP-554,Leila Kaur,Customer Support,0,3.0,4,58,1,0.0,178.7,96.6,5,0,6,0,6,0,9,0
EMP-555,Jonas Zhang,Customer Support,0,2.3,1,210,1,38.4,38.5,29.3,4,4,7,3,2,0,7,2
EMP-556,Amelia Patel,Customer Support,0,9.6,0,540,1,19.4,27.3,62.0,6,3,5,2,5,2,6,2
EMP-557,Hugo Schmidt,Customer Support,1,0.8,2,40,1,34.1,28.0,31.9,7,5,6,3,8,5,6,1
EMP-558,Kavya Dubois,Customer Support,2,4.5,1,540,0,28.2,34.6,36.1,7,1,11,4,5,3,8,4
EMP-559,Tariq Petrov,Customer Support,0,2.7,0,540,0,16.6,68.2,39.5,7,2,8,2,6,1,7,3
EMP-560,Noah Tanaka,Customer Support,0,7.9,0,540,1,29.1,11.3,11.0,4,4,8,8,6,6,6,4
EMP-561,Fatima Castillo,Customer Support,0,7.8,0,540,0,19.4,53.1,39.0,7,7,6,4,7,2,7,4
EMP-562,Hugo Ivanova,Customer Support,0,1.2,1,519,0,14.7,73.4,48.1,9,6,6,1,5,3,5,2
EMP-563,Leila Murphy,Customer Support,0,0.2,1,165,1,24.7,19.9,16.4,4,4,4,4,9,9,7,4
EMP-564,Sara Novak,Customer Support,0,0.3,7,25,1,29.6,107.6,86.7,7,0,3,0,4,0,6,0
EMP-565,Luca Kowalski,Customer Support,1,0.9,4,499,0,34.3,71.8,38.2,5,1,5,1,4,1,4,3
EMP-566,Aisha Dubois,Customer Support,1,4.4,2,213,0,23.2,116.3,31.8,6,3,7,1,7,3,4,1
EMP-567,Alejandro Nguyen,Customer Support,0,3.1,0,540,1,20.1,58.6,46.9,6,3,5,2,4,0,3,0
EMP-568,Uma Zhang,Customer Support,2,3.6,1,118,1,0.4,113.9,79.6,5,0,5,3,5,1,7,0
EMP-569,Mei Silva,Customer Support,0,5.3,2,19,1,24.6,44.3,44.0,5,2,7,5,5,1,3,2
EMP-570,Mia Adeyemi,Customer Support,1,1.8,4,76,1,38.3,80.0,85.0,8,0,5,0,8,1,7,0
EMP-571,Anika Murphy,Customer Support,0,1.0,2,99,1,23.3,92.9,55.2,7,2,7,0,4,1,6,2
EMP-572,Noah Okafor,Customer Support,0,4.0,1,39,1,14.9,39.1,13.6,6,4,4,2,4,4,9,1
EMP-573,Maya Ivanova,Customer Support,1,1.9,2,168,1,24.2,89.0,60.9,6,2,7,1,6,3,5,0
EMP-574,Camila Hughes,Customer Support,1,6.3,2,18,1,11.3,166.4,73.8,8,1,9,1,7,1,6,1
EMP-575,Diego Eriksen,Customer Support,0,2.9,2,540,0,30.2,12.5,12.0,5,3,11,11,4,4,8,5
EMP-576,Noah Wagner,Customer Support,0,5.1,4,142,1,19.3,34.3,66.2,7,1,7,1,8,3,6,0
EMP-577,Camila Yilmaz,Customer Support,0,1.6,1,38,1,12.4,125.3,91.8,4,1,3,0,6,0,5,0
EMP-578,Theo Torres,Customer Support,0,1.0,0,540,1,27.3,26.9,4.2,5,2,4,2,4,4,4,4
EMP-579,Yusuf Okafor,Customer Support,1,0.8,2,95,1,39.1,39.2,42.7,7,4,8,2,6,5,6,3
EMP-580,Ben Sato,Customer Support,0,3.5,1,83,1,13.8,51.1,61.2,3,2,4,1,7,3,10,2
EMP-581,Zoe Bauer,Customer Support,2,11.8,3,28,0,39.9,19.3,45.8,6,2,8,7,5,4,6,2
EMP-582,Aarav Dubois,Customer Support,0,0.3,1,53,0,16.6,126.2,54.2,5,0,7,3,5,1,6,0
EMP-583,Felix Schmidt,Customer Support,0,2.3,1,190,1,27.7,101.0,53.9,9,5,6,1,4,1,5,0
EMP-584,Alejandro Torres,Customer Support,0,6.2,1,18,1,33.3,52.0,33.7,5,3,6,3,6,1,7,2
EMP-585,Uma Kowalski,Customer Support,0,5.7,2,540,0,32.6,42.4,37.1,8,1,5,4,5,2,7,0
EMP-586,Daniel Tanaka,Customer Support,0,0.1,1,214,1,29.2,24.5,30.5,3,3,7,3,7,3,8,3
EMP-587,Theo Zhang,Customer Support,0,3.8,5,540,0,12.3,56.3,44.9,6,1,4,1,5,3,7,2
EMP-588,Chloe Chen,Customer Support,1,2.7,2,540,1,25.8,33.8,20.8,4,2,4,4,8,5,4,3
EMP-589,Anika Kowalski,Customer Support,0,2.4,3,36,1,48.5,33.2,42.5,8,4,6,2,8,6,11,3
EMP-590,Noah Silva,Customer Support,0,12.0,2,126,0,25.8,35.4,42.7,5,2,6,1,11,7,4,0
EMP-591,Ethan Moreau,Customer Support,0,1.8,4,16,1,21.6,53.7,66.2,9,1,5,2,5,5,7,1
EMP-592,Hana Hughes,Customer Support,0,0.1,2,100,1,34.4,43.7,22.2,7,4,6,2,3,3,9,1
EMP-593,Rahul Adeyemi,Customer Support,0,2.6,2,242,1,24.7,21.0,24.6,6,5,7,5,3,2,9,4
EMP-594,Aarav Rossi,Customer Support,1,0.9,5,52,1,8.1,456.8,92.6,8,1,6,0,4,0,8,0
EMP-595,Isaac Okafor,Customer Support,0,3.9,3,5,1,7.1,135.1,83.3,4,0,4,0,4,0,6,1
EMP-596,Hugo Larsen,Customer Support,0,9.8,1,127,0,18.7,61.4,39.8,6,3,4,2,3,3,7,4
EMP-597,Sara Ivanova,Customer Support,2,1.9,0,540,1,23.3,29.5,24.1,5,2,3,0,5,4,6,2
EMP-598,Mei Quinn,Customer Support,0,2.0,3,15,1,3.5,78.5,85.9,5,1,6,1,7,1,5,0
EMP-599,Grace Sato,Customer Support,1,3.0,0,540,0,39.3,37.1,16.9,8,3,8,5,6,4,8,2
EMP-600,Grace Andersen,Customer Support,0,0.4,0,540,1,29.7,71.2,32.3,6,3,5,1,8,1,7,3
EMP-601,Lina Weber,Customer Support,0,0.5,1,116,1,25.3,18.5,12.5,5,1,5,3,8,6,5,4
EMP-602,Sara Kowalski,Customer Support,0,9.7,4,89,1,26.7,75.5,92.0,6,0,4,0,4,2,8,0
EMP-603,Amelia Andersen,Customer Support,2,2.0,1,321,1,37.0,26.6,43.3,2,2,7,4,7,4,4,3
EMP-604,Ethan Patel,Customer Support,0,0.1,3,38,0,13.6,163.7,78.3,12,7,3,1,3,2,3,0
EMP-605,Tariq Torres,Customer Support,1,2.9,2,62,1,18.6,53.1,78.3,7,1,3,0,7,2,4,0
EMP-606,Lina Castillo,Customer Support,1,0.4,0,540,1,12.3,34.6,19.5,3,2,6,3,5,3,10,2
EMP-607,Sofia Nguyen,Customer Support,1,2.0,0,540,1,20.0,56.2,50.7,7,2,8,2,6,4,5,2
EMP-608,Kavya Hughes,Customer Support,0,2.0,3,324,0,32.3,43.7,26.3,6,2,3,1,4,2,8,4
EMP-609,Mia Bauer,Customer Support,0,7.9,4,114,1,22.4,202.6,73.7,10,0,7,1,7,1,4,0
EMP-610,Theo Lopez,Customer Support,1,5.8,1,73,1,22.6,183.3,65.1,4,0,5,0,4,0,2,0
EMP-611,Uma Nakamura,Customer Support,0,24.5,2,3,0,43.5,38.4,17.5,4,4,3,3,5,3,7,4
EMP-612,Kavya Wagner,Customer Support,1,2.8,1,46,1,42.1,40.8,29.5,5,4,6,3,6,5,5,2
EMP-613,Liam Gupta,Customer Support,1,6.5,1,312,0,25.6,31.6,28.4,7,5,10,4,8,6,5,2
EMP-614,Aarav Kim,Customer Support,0,1.1,1,217,1,36.9,43.2,16.4,5,4,4,3,7,6,5,4
EMP-615,Mia Gupta,Customer Support,1,2.1,0,540,1,32.6,34.5,8.4,6,5,3,2,6,3,4,3
EMP-616,Isaac Zimmer,Customer Support,2,1.3,2,31,1,36.9,12.8,10.7,4,3,8,4,10,3,9,4
EMP-617,Ethan Hughes,Customer Support,0,5.0,3,12,1,8.1,105.9,67.9,9,1,5,2,3,0,10,1
EMP-618,Hana Zhang,Customer Support,1,0.2,1,99,1,29.6,17.1,33.5,5,1,5,2,6,4,4,0
EMP-619,Ines Chen,Customer Support,0,10.5,3,30,1,7.1,134.2,72.5,5,0,8,2,4,0,8,1
EMP-620,Rosa Patel,Customer Support,1,0.6,1,154,0,19.3,47.5,41.9,5,1,4,1,6,3,8,5
EMP-621,Rosa Garcia,Customer Support,1,9.9,2,363,1,12.5,23.4,17.6,4,4,6,5,8,6,9,5
EMP-622,Lina Varga,Customer Support,0,4.2,2,210,0,18.5,20.3,40.5,5,3,5,3,8,7,7,3
EMP-623,Amelia Singh,Customer Support,0,1.6,2,17,1,10.5,26.8,21.4,6,6,6,4,6,4,3,2
EMP-624,Amelia Haddad,Customer Support,0,1.7,5,77,1,13.3,37.5,73.5,9,4,4,2,6,2,7,2
EMP-625,Aisha Singh,Customer Support,0,20.9,0,540,0,38.1,29.0,14.1,5,5,5,3,7,6,9,4
EMP-626,Diego Nakamura,Customer Support,2,0.3,1,66,1,44.2,34.6,34.9,10,4,7,3,5,1,3,0
EMP-627,Amelia Weber,Customer Support,0,11.3,3,177,0,36.2,51.0,28.6,7,2,5,1,9,4,6,4
EMP-628,Liam Novak,Customer Support,2,3.4,1,218,1,26.5,30.7,29.7,5,4,10,2,7,2,5,4
EMP-629,Uma Larsen,Customer Support,1,3.5,3,43,0,19.1,91.4,58.2,5,1,7,0,7,4,6,0
EMP-630,Victor Costa,Customer Support,1,0.1,2,416,0,42.6,22.0,17.3,8,5,8,8,9,7,4,2
EMP-631,Ben Fischer,Customer Support,1,1.2,1,153,1,30.0,23.1,24.1,3,1,6,1,5,4,4,3
EMP-632,Emma Torres,Customer Support,0,3.9,4,11,1,12.7,77.4,51.2,6,0,5,2,4,2,10,0
EMP-633,Mateo Bauer,Customer Support,2,0.1,3,54,0,29.2,61.7,49.5,8,3,5,3,10,6,6,1
EMP-634,Isaac Varga,Customer Support,0,6.5,2,97,1,20.1,17.8,44.7,7,6,5,2,6,3,8,2
EMP-635,Victor Moreau,Customer Support,1,0.4,0,540,1,23.4,26.1,35.5,4,1,6,5,4,3,8,4
EMP-636,Ben Kaur,Customer Support,0,16.1,4,76,1,22.1,93.6,72.0,4,2,6,2,4,1,8,0
EMP-637,Ben Mahraniya,Customer Support,0,4.3,3,21,1,24.3,93.1,46.6,5,2,5,2,6,0,4,2
EMP-638,Lina Costa,Customer Support,1,0.7,0,540,1,22.2,48.6,26.8,4,1,7,4,4,2,5,1
EMP-639,Omar Zhang,Customer Support,0,0.7,0,540,1,15.7,71.1,18.9,3,1,6,2,7,5,5,2
EMP-640,Fatima Moreau,Customer Support,0,0.2,2,246,1,27.4,64.8,69.7,4,0,4,1,4,1,5,1
EMP-641,Isaac Nguyen,Customer Support,1,0.8,1,76,1,12.7,51.1,66.8,4,1,5,3,10,3,5,0
EMP-642,Ben Bianchi,Customer Support,0,2.8,0,540,0,30.3,50.5,8.8,4,0,3,2,7,5,3,3
EMP-643,Uma Olsen,Customer Support,0,1.2,2,153,1,20.1,56.0,43.0,6,0,11,4,6,1,6,2
EMP-644,Nora Novak,Customer Support,0,7.8,1,213,0,25.7,82.3,45.5,6,0,3,2,5,5,7,3
EMP-645,Ethan Larsen,Customer Support,1,1.6,0,540,0,36.1,19.5,13.2,2,1,6,6,10,3,7,4
EMP-646,Kavya Young,Customer Support,0,0.3,3,14,0,36.7,26.2,41.7,8,4,4,1,2,1,5,3
EMP-647,Mei Andersen,Customer Support,0,0.5,2,56,1,4.3,91.8,60.5,5,0,5,0,4,0,4,0
EMP-648,Sam Nakamura,Customer Support,0,5.4,2,179,1,32.0,37.8,38.5,8,2,3,0,8,5,6,2
EMP-649,Grace Tanaka,Customer Support,2,9.6,2,282,1,15.9,76.7,58.9,7,1,5,1,6,3,3,1
EMP-650,Zoe Murphy,Customer Support,1,2.3,2,119,1,16.8,37.3,47.1,6,2,6,1,3,1,6,0
EMP-651,Alejandro Moreau,Customer Support,0,3.4,2,27,1,23.1,81.9,42.0,3,1,5,2,5,0,6,1
EMP-652,Yara Brooks,Customer Support,0,0.4,4,93,0,2.2,128.8,86.1,10,2,6,1,8,0,5,0
EMP-653,Rahul Lopez,Customer Support,1,0.3,2,3,1,33.7,13.2,42.1,4,2,7,5,7,4,10,4
EMP-654,Kavya Kaur,Customer Support,0,1.4,2,58,1,0.0,239.6,82.0,8,2,3,0,5,0,6,0
EMP-655,Jonas Suzuki,Customer Support,1,2.4,2,90,0,53.4,34.6,37.9,5,2,10,5,7,4,4,0
EMP-656,Alejandro Jensen,Customer Support,0,0.1,0,540,1,30.4,64.1,41.2,8,4,5,1,5,2,4,1
EMP-657,Yara Weber,Customer Support,0,0.1,1,16,1,15.5,74.7,76.5,8,2,7,1,5,0,8,0
EMP-658,Theo Larsen,Customer Support,0,0.1,2,540,1,37.2,25.2,9.9,10,8,9,6,7,7,4,4
EMP-659,Hugo Kowalski,Customer Support,0,3.3,3,293,1,7.3,210.9,62.7,7,0,9,3,3,2,7,1
EMP-660,Yusuf Singh,Customer Support,0,1.8,1,24,1,35.0,36.4,29.7,7,4,5,1,7,3,4,0
EMP-661,Sam Brooks,Customer Support,0,4.6,0,540,0,30.2,24.5,5.7,9,7,7,5,7,5,6,5
EMP-662,Aisha Hughes,Customer Support,0,2.9,4,235,0,17.9,57.4,69.9,8,1,5,2,4,3,4,2
EMP-663,Uma Okafor,Customer Support,0,3.2,1,3,1,27.3,25.8,26.2,9,2,7,2,3,2,9,3
EMP-664,Zoe Moreau,Customer Support,0,1.4,1,83,1,13.2,102.2,26.2,5,2,8,3,6,3,9,3
EMP-665,Mia Dubois,Customer Support,0,12.9,3,218,1,17.0,49.4,59.8,8,5,5,1,6,1,5,2
EMP-666,Mia Garcia,Customer Support,1,4.0,3,7,1,22.7,26.9,58.2,7,3,5,1,8,2,2,1
EMP-667,Zoe Eriksen,Customer Support,0,7.8,1,76,1,29.3,53.1,38.5,8,3,8,1,13,3,5,4
EMP-668,Jana Larsen,Customer Support,0,5.6,0,540,1,26.4,53.4,23.1,7,3,6,1,10,5,4,1
EMP-669,Rahul Castillo,Customer Support,1,3.1,1,97,1,19.9,69.0,42.7,4,1,7,2,10,5,9,4
EMP-670,Liam Zhang,Customer Support,2,0.6,2,74,0,33.4,32.6,50.0,5,1,4,2,5,0,7,3
EMP-671,Elif Ivanova,Customer Support,0,0.4,2,132,1,35.9,61.3,28.8,5,4,7,2,8,5,6,3
EMP-672,Sara Bauer,Customer Support,0,1.8,1,215,1,26.4,125.2,47.7,7,0,5,2,8,2,9,2
EMP-673,Nora Larsen,Customer Support,0,0.1,2,514,1,20.3,43.8,55.3,6,0,4,0,5,2,7,1
EMP-674,Elif Nguyen,Customer Support,1,4.7,2,200,1,19.1,85.8,40.9,4,2,2,1,7,4,6,0
EMP-675,Camila Brooks,Customer Support,0,7.7,2,28,0,31.6,46.3,51.4,7,0,4,1,5,2,8,4
EMP-676,Hana Suzuki,Customer Support,0,7.6,1,13,0,25.5,164.1,84.3,5,0,3,0,4,1,7,0
EMP-677,Ben Haddad,Customer Support,1,3.3,2,8,1,27.6,106.3,72.3,3,1,7,1,5,2,2,0
EMP-678,Camila Nakamura,Customer Support,0,4.7,3,52,0,36.5,57.6,70.3,4,1,5,0,6,1,8,2
EMP-679,Mia Weber,Customer Support,0,5.5,0,540,1,23.8,152.2,39.0,6,1,9,3,5,2,5,0
EMP-680,Maya Garcia,Customer Support,0,1.9,3,34,1,21.8,209.2,74.2,5,0,7,0,5,1,5,1
EMP-681,Felix Dubois,Customer Support,0,0.1,3,77,1,11.8,117.8,70.8,6,0,5,0,8,1,4,0
EMP-682,Lina Okafor,Customer Support,1,2.0,3,13,0,35.2,13.1,13.1,6,5,10,7,9,9,2,2
EMP-683,Rosa Wagner,Customer Support,0,8.5,3,35,0,24.6,153.4,88.8,10,1,10,3,4,1,6,1
EMP-684,Grace Young,Customer Support,1,1.8,3,58,0,34.4,54.2,65.3,5,2,8,2,6,3,4,1
EMP-685,Sofia Zhang,Customer Support,1,1.0,4,24,1,18.9,36.1,43.0,7,5,4,0,3,2,8,5
EMP-686,Ines Kim,Customer Support,0,0.3,4,320,1,22.7,37.9,36.6,3,1,5,3,4,1,4,0
EMP-687,Hugo Mensah,Customer Support,1,16.8,2,116,1,14.6,90.9,54.7,10,3,4,0,8,1,7,0
EMP-688,Hana Young,Customer Support,1,2.5,1,186,1,39.4,36.0,32.7,7,3,5,4,7,7,5,4
EMP-689,Emma Ivanova,Customer Support,0,3.4,0,540,0,22.1,11.5,13.2,5,3,8,2,6,3,7,3
EMP-690,Grace Eriksen,Customer Support,0,6.1,6,56,1,11.8,166.7,83.7,11,0,6,0,6,0,6,1
EMP-691,Ines Silva,Customer Support,0,11.7,2,99,1,12.2,95.0,62.8,5,1,8,1,4,2,4,1
EMP-692,Nadia Quinn,Customer Support,0,1.2,2,95,0,16.7,86.4,60.5,6,2,7,0,6,1,6,0
EMP-693,Felix Torres,Customer Support,1,4.7,1,28,0,47.4,18.0,27.2,4,4,9,2,6,4,11,8
EMP-694,Camila Torres,Customer Support,0,1.2,3,17,1,6.0,104.3,73.8,7,0,2,1,8,3,5,1
EMP-695,Mei Hughes,Customer Support,1,2.1,2,4,1,22.4,23.2,22.5,3,1,7,3,5,4,7,4
EMP-696,Maya Mensah,Customer Support,0,5.5,0,540,0,25.7,53.8,33.5,6,0,9,4,6,2,4,1
EMP-697,Alejandro Kim,Customer Support,1,0.5,1,540,1,37.7,53.9,30.9,6,5,5,4,5,4,5,2
EMP-698,Felix Costa,Customer Support,0,2.5,1,285,1,25.9,25.4,31.5,6,5,5,2,6,6,5,4
EMP-699,Rahul Silva,Customer Support,1,3.3,2,350,0,43.6,20.6,25.2,5,2,5,3,8,1,7,3
EMP-700,Kavya Petrov,Customer Support,0,3.5,0,540,0,35.3,48.1,11.1,6,4,6,6,8,8,7,6
EMP-701,Emma Novak,Customer Support,0,1.2,2,127,0,7.5,47.9,36.1,7,3,6,0,6,3,6,1
EMP-702,Rahul Jensen,Customer Support,0,0.8,2,205,1,44.1,56.1,66.0,4,0,6,2,4,1,4,2
EMP-703,Zoe Zimmer,Customer Support,0,0.3,2,128,1,46.8,13.6,22.7,7,5,3,3,3,2,4,2
EMP-704,Sofia Adeyemi,Customer Support,0,6.0,1,10,1,4.5,53.3,30.3,8,2,5,1,7,4,5,1
EMP-705,Camila Tanaka,Customer Support,0,0.8,3,12,1,32.3,63.3,43.5,6,4,7,1,5,0,7,0
EMP-706,Rahul Weber,Customer Support,0,0.8,1,46,1,5.3,110.4,78.7,5,0,6,1,6,3,6,0
EMP-707,Rosa Mahraniya,Customer Support,0,0.3,0,540,1,41.1,16.8,6.8,11,8,7,5,5,4,3,2
EMP-708,Fatima Jensen,Customer Support,1,0.5,3,67,0,23.9,271.9,92.1,6,0,6,1,5,0,5,1
EMP-709,Alejandro Singh,Customer Support,1,0.3,3,141,1,2.4,145.9,78.1,6,0,6,0,9,1,6,0
EMP-710,Victor Torres,Customer Support,2,2.2,1,181,0,13.6,202.0,57.1,4,0,3,2,4,0,7,1
EMP-711,Fatima Adeyemi,Customer Support,0,0.7,1,271,0,18.3,28.8,14.7,10,8,6,4,8,6,10,6
EMP-712,Jana Nakamura,Customer Support,0,1.0,2,6,1,33.0,39.1,40.3,7,5,4,0,5,3,4,2
EMP-713,Tariq Mensah,Customer Support,0,2.8,1,24,1,0.0,160.0,76.1,10,2,6,0,7,0,6,0
EMP-714,Emma Suzuki,Customer Support,0,0.8,2,20,0,32.1,124.4,59.7,13,2,6,1,9,2,6,1
EMP-715,Isaac Brooks,Customer Support,0,2.4,3,95,1,30.5,111.4,49.9,10,2,7,2,13,4,9,1
EMP-716,Mia Sato,Customer Support,0,1.0,0,540,1,9.0,80.2,38.9,4,1,2,1,5,1,9,2
EMP-717,Mei Brooks,Customer Support,0,5.2,0,540,0,34.7,14.5,16.4,5,3,9,5,7,6,7,6
EMP-718,Lina Chen,Customer Support,0,7.2,2,65,1,32.1,94.1,71.5,6,2,5,2,5,2,7,4
EMP-719,Liam Varga,Customer Support,0,8.7,0,540,1,0.3,20.6,21.8,3,2,6,5,3,2,4,1
EMP-720,Omar Eriksen,Customer Support,0,2.1,2,77,0,0.0,193.8,38.7,5,0,4,0,9,1,10,1
EMP-721,Sam Rossi,Customer Support,1,1.2,3,22,1,23.6,60.3,58.2,5,1,6,1,3,0,3,0
EMP-722,Ben Torres,Customer Support,0,24.9,1,370,1,31.7,41.9,13.3,3,2,6,3,5,3,8,6
EMP-723,Elif Murphy,Customer Support,0,8.4,4,295,1,31.8,18.0,24.7,7,3,4,2,5,1,7,4
EMP-724,Lina Kim,Customer Support,0,11.9,3,62,0,12.4,28.1,52.9,7,5,6,3,5,1,5,1
EMP-725,Lina Bianchi,Customer Support,0,0.5,1,93,1,26.3,53.6,24.6,6,1,4,0,5,3,5,1
EMP-726,Isaac Young,Customer Support,0,6.8,3,47,1,25.5,76.3,30.0,6,3,9,1,3,2,4,1
EMP-727,Oscar Mahraniya,Customer Support,0,1.8,3,78,0,35.0,21.4,28.7,7,3,14,6,3,0,8,4
EMP-728,Lina Nakamura,Customer Support,1,6.3,4,48,1,13.7,110.8,76.6,8,1,6,0,7,0,5,0
EMP-729,Aisha Zimmer,Customer Support,0,0.2,0,540,0,36.6,17.1,24.9,5,4,6,2,7,6,4,4
EMP-730,Kavya Torres,Customer Support,0,0.4,1,366,0,38.5,29.2,25.3,4,3,6,6,8,8,6,5
EMP-731,Ethan Murphy,Customer Support,0,0.3,0,540,1,26.8,44.2,21.1,7,5,5,2,5,3,6,3
EMP-732,Luca Fischer,Customer Support,0,1.9,2,46,1,13.8,93.5,76.8,8,0,5,1,3,1,5,2
EMP-733,Luca Costa,Customer Support,0,2.8,1,92,1,4.1,200.9,63.3,5,0,8,1,6,2,10,0
EMP-734,Ben Murphy,Customer Support,0,3.0,0,540,0,36.6,57.1,17.4,7,3,7,3,9,8,7,6
EMP-735,Oscar Mensah,Customer Support,0,0.9,2,61,1,20.1,77.6,64.8,4,1,7,4,5,1,4,2
EMP-736,Aarav Bianchi,Customer Support,0,8.2,1,102,1,4.9,29.7,15.5,6,4,5,4,8,7,10,5
EMP-737,Sara Murphy,Customer Support,0,2.3,1,14,1,20.6,52.9,42.0,8,4,7,1,5,2,6,1
EMP-738,Rosa Mensah,Customer Support,0,0.3,2,173,1,35.5,42.2,12.2,4,2,8,5,5,2,8,2
EMP-739,Elif Eriksen,Customer Support,0,12.7,1,276,1,27.5,49.0,33.4,5,3,5,2,2,1,4,2
EMP-740,Kai Kim,Customer Support,0,10.4,3,21,1,35.1,55.2,47.2,8,2,6,1,7,4,8,3
EMP-741,Elif Brooks,Customer Support,0,4.2,6,158,1,0.0,94.6,91.8,3,0,5,0,4,0,4,2
EMP-742,Mia Zhang,Customer Support,0,1.6,0,540,1,22.0,41.1,10.3,10,7,5,4,9,5,7,6
EMP-743,Mei Larsen,Customer Support,0,3.7,1,480,1,27.2,50.5,23.0,6,3,8,6,7,5,3,1
EMP-744,Sam Moreau,Customer Support,2,6.8,3,110,1,19.4,47.3,72.6,6,3,5,0,6,3,9,1
EMP-745,Ben Weber,Customer Support,0,0.1,1,291,0,22.6,29.9,8.0,5,4,9,6,6,6,6,5
EMP-746,Rosa Walsh,Customer Support,2,1.4,1,362,1,27.9,47.9,33.8,6,4,3,2,5,3,6,2
EMP-747,Elif Tanaka,Customer Support,0,1.7,5,28,1,10.1,78.9,80.4,7,1,6,1,5,2,3,1
EMP-748,Felix Suzuki,Customer Support,0,1.9,2,247,0,32.7,60.9,49.5,6,2,10,4,5,3,6,0
EMP-749,Liam Suzuki,Customer Support,0,4.8,2,37,1,20.1,111.8,75.0,10,1,8,1,3,0,6,0
EMP-750,Ethan Olsen,Customer Support,0,2.8,1,349,1,45.7,23.9,22.1,5,3,7,6,6,4,9,5
EMP-751,Emma Schmidt,Customer Support,1,2.7,3,540,1,39.0,37.3,31.0,4,2,10,1,5,4,3,1
EMP-752,Liam Quinn,Customer Support,0,4.2,1,283,0,33.5,25.5,24.5,11,4,4,2,5,5,4,3
EMP-753,Elif Moreau,Customer Support,0,5.4,1,310,0,15.9,45.0,41.0,4,1,4,0,10,3,3,0
EMP-754,Kai Costa,Customer Support,1,2.6,0,540,0,25.4,19.1,30.9,3,2,7,0,4,3,8,4
EMP-755,Diego Ivanova,Customer Support,0,4.7,2,80,1,22.0,68.4,28.3,6,2,6,2,8,3,10,1
EMP-756,Victor Gupta,Customer Support,1,4.2,1,115,0,22.1,25.4,28.8,5,4,6,4,6,5,8,7
EMP-757,Alejandro Sato,Customer Support,0,2.6,2,227,1,13.6,38.1,60.5,4,0,7,1,5,0,9,1
EMP-758,Yusuf Wagner,Customer Support,1,0.9,1,59,0,17.9,123.2,81.7,5,1,2,0,5,0,7,2
EMP-759,Jana Costa,Customer Support,0,5.3,0,540,1,38.4,22.9,34.8,4,3,6,1,7,4,3,1
EMP-760,Leila Singh,Customer Support,1,9.0,3,314,1,34.0,30.5,51.2,9,3,5,2,5,3,6,1
EMP-761,Mateo Sato,Customer Support,0,1.6,2,426,0,20.2,45.3,31.6,6,2,7,3,7,4,11,1
EMP-762,Sam Zimmer,Customer Support,0,4.7,3,479,1,29.1,81.2,46.7,5,0,7,1,11,3,7,1
EMP-763,Lina Kowalski,Customer Support,0,15.4,0,540,1,29.0,27.3,51.7,7,2,4,1,4,3,3,1
EMP-764,Priya Ivanova,Customer Support,2,4.4,1,476,1,10.8,98.8,39.0,9,2,9,5,6,3,6,1
EMP-765,Luca Moreau,Customer Support,0,5.1,4,103,1,27.1,40.3,77.1,4,0,6,2,6,2,7,2
EMP-766,Sofia Mensah,Customer Support,0,1.2,3,32,1,10.4,153.2,84.0,6,1,4,1,10,0,7,1
EMP-767,Aisha Adeyemi,Customer Support,0,0.1,5,167,0,11.5,70.2,64.1,6,1,9,3,11,0,7,0
EMP-768,Mateo Ivanova,Customer Support,1,2.8,2,94,1,30.5,20.6,34.6,7,6,7,3,8,5,3,2
EMP-769,Maya Zhang,Customer Support,1,5.5,2,99,0,29.0,36.0,30.6,8,6,4,1,8,5,6,3
EMP-770,Rosa Zimmer,Customer Support,0,2.0,1,11,0,12.0,95.7,45.4,6,3,6,2,6,2,8,4
EMP-771,Mateo Garcia,Customer Support,0,4.0,3,195,1,14.8,59.0,62.3,5,0,4,1,3,3,6,3
EMP-772,Mei Murphy,Customer Support,0,9.5,0,540,0,32.7,18.6,9.9,4,4,8,7,7,6,4,3
EMP-773,Daniel Mahraniya,Legal,0,5.1,2,166,1,10.3,105.0,44.8,4,0,5,2,7,4,9,2
EMP-774,Luca Mensah,Legal,1,0.2,2,304,1,22.0,120.7,47.2,4,1,4,0,5,2,5,1
EMP-775,Ben Novak,Legal,1,1.7,2,88,1,29.3,53.2,26.8,14,4,3,1,6,5,5,4
EMP-776,Nadia Petrov,Legal,0,6.4,3,234,0,16.8,39.7,50.0,3,0,6,3,2,0,6,1
EMP-777,Sofia Bauer,Legal,0,2.6,3,126,1,8.1,79.3,59.9,5,0,10,2,5,0,5,2
EMP-778,Alejandro Tanaka,Legal,0,3.5,2,160,1,29.0,63.1,46.6,8,0,5,3,5,3,4,2
EMP-779,Daniel Castillo,Legal,1,0.1,1,36,1,0.0,246.2,50.0,5,1,6,1,13,3,2,0
EMP-780,Victor Larsen,Legal,2,1.2,3,39,1,30.2,302.9,83.7,6,0,7,1,7,0,4,0
EMP-781,Zoe Yilmaz,Legal,0,12.4,3,83,1,40.3,34.3,23.3,5,1,6,2,5,3,11,2
EMP-782,Nadia Castillo,Legal,2,1.3,1,540,1,6.8,56.5,27.9,7,4,7,0,11,6,4,0
EMP-783,Amelia Zhang,Legal,0,0.6,3,19,1,27.7,23.8,24.0,6,4,5,3,4,4,9,3
EMP-784,Nadia Moreau,Legal,0,6.2,5,19,1,11.6,35.9,76.0,4,0,7,2,8,3,7,2
EMP-785,Sara Dubois,Legal,1,0.3,1,5,0,27.8,15.2,8.8,8,6,8,8,5,5,7,5
EMP-786,Theo Costa,Legal,0,4.5,1,134,1,22.0,246.3,38.3,6,0,4,1,5,1,7,1
EMP-787,Ethan Dubois,Legal,0,4.0,1,99,0,26.0,59.5,18.1,4,1,5,2,7,4,8,5
EMP-788,Mia Kim,Legal,0,1.0,1,25,1,27.1,14.9,11.0,5,2,5,4,6,2,7,3
EMP-789,Elif Wagner,Legal,0,2.0,2,61,1,34.3,35.9,36.4,2,2,10,5,4,3,5,3
EMP-790,Victor Hughes,Legal,0,16.3,1,322,1,44.7,39.4,39.2,8,0,6,2,9,6,6,2
EMP-791,Anika Mahraniya,Legal,0,6.9,0,540,0,18.4,27.8,20.7,5,5,14,10,6,6,5,4
EMP-792,Hana Fischer,Legal,1,1.2,0,540,1,29.0,12.5,37.7,7,3,10,1,8,2,9,3
EMP-793,Hugo Okafor,Legal,0,4.7,4,208,1,18.7,82.2,77.1,5,0,7,0,11,5,6,0
EMP-794,Diego Jensen,Legal,0,2.0,4,226,1,20.3,25.1,31.4,5,1,6,1,5,4,5,2
EMP-795,Nadia Olsen,Legal,0,13.2,0,540,1,30.4,62.2,31.2,8,4,5,2,4,3,6,2
EMP-796,Fatima Silva,Legal,1,0.3,1,18,1,27.0,30.7,25.2,5,4,9,1,6,3,5,3
EMP-797,Jana Mensah,Legal,0,3.0,1,95,1,13.7,57.1,57.3,3,0,4,1,6,0,2,2
EMP-798,Alejandro Gupta,Legal,0,3.8,2,157,1,26.0,37.6,65.3,7,4,5,0,7,4,6,1
EMP-799,Emma Murphy,Legal,1,8.9,0,540,1,40.6,24.2,18.7,3,2,5,3,6,2,4,2
EMP-800,Hugo Wagner,Legal,0,1.2,1,194,1,16.7,47.6,29.9,5,2,5,3,6,2,8,3
EMP-801,Jana Moreau,Legal,0,13.3,3,7,0,20.5,109.1,73.1,5,1,6,0,7,2,7,1
EMP-802,Noah Bianchi,Legal,1,1.6,2,37,1,11.7,65.0,67.2,8,1,6,3,14,1,8,1
EMP-803,Theo Chen,Legal,0,0.4,4,34,1,24.7,64.9,76.7,4,1,5,0,4,1,3,0
EMP-804,Hana Rossi,Legal,0,1.5,3,289,0,39.1,30.3,27.9,4,2,6,2,5,2,9,4
EMP-805,Yara Mensah,Legal,0,5.6,5,62,1,0.0,290.3,92.0,6,0,7,0,4,0,3,0
EMP-806,Hana Moreau,Legal,0,0.2,3,383,0,44.1,101.7,60.5,5,1,3,2,6,1,2,1
EMP-807,Kavya Schmidt,Legal,1,1.4,1,42,0,26.4,29.7,16.7,6,5,4,1,3,3,6,3
EMP-808,Diego Mensah,Legal,1,0.1,4,3,1,20.8,33.4,55.8,8,4,7,0,5,0,7,2
EMP-809,Felix Garcia,Legal,0,0.4,0,540,0,1.5,29.2,13.8,7,4,6,1,6,2,5,3
EMP-810,Rosa Young,Legal,1,2.3,2,290,1,28.3,109.0,52.8,7,2,9,1,9,2,5,1
EMP-811,Amelia Kim,Legal,0,10.4,3,179,1,42.1,185.9,41.7,7,1,8,6,7,4,4,0
EMP-812,Noah Jensen,Legal,0,4.6,1,52,1,50.1,43.4,25.6,7,5,6,4,8,5,5,2
EMP-813,Isaac Tanaka,Legal,0,0.4,2,388,0,6.9,50.1,44.3,6,1,9,3,5,1,5,0
EMP-814,Priya Varga,Legal,1,0.6,0,540,0,29.4,18.7,4.5,5,5,5,4,6,5,4,2
EMP-815,Alejandro Hughes,Legal,0,8.5,7,65,0,32.3,68.8,79.7,3,0,5,1,2,1,5,1
EMP-816,Diego Kim,Legal,0,0.2,5,15,1,10.2,74.4,76.1,8,1,3,1,9,6,4,0
EMP-817,Rosa Tanaka,Legal,0,6.2,3,6,0,41.6,33.6,60.2,6,3,10,2,9,5,5,1
EMP-818,Luca Nakamura,Legal,1,6.4,1,14,1,46.7,61.8,31.8,6,4,8,3,7,2,6,4
EMP-819,Nadia Mensah,Legal,0,2.4,5,33,1,10.2,78.5,79.6,5,0,5,1,6,1,6,1
EMP-820,Mia Hughes,Legal,0,5.6,3,236,1,34.3,34.8,35.1,5,2,5,3,6,5,4,3
EMP-821,Alejandro Andersen,Legal,1,6.0,7,105,0,15.7,73.0,94.4,6,0,7,0,8,0,8,1
EMP-822,Amelia Adeyemi,Legal,0,1.9,4,59,1,27.2,94.4,84.9,9,1,5,0,7,1,4,1
EMP-823,Isaac Chen,Legal,0,0.1,1,223,1,5.2,136.6,74.2,4,1,4,0,8,1,10,1
EMP-824,Noah Mahraniya,Legal,0,7.1,1,104,0,15.7,63.5,52.9,3,0,13,4,5,2,4,0
EMP-825,Nora Hughes,Legal,0,5.8,0,540,1,34.0,9.9,12.6,5,4,5,4,6,6,8,6
EMP-826,Lina Silva,Legal,0,0.7,1,347,1,13.5,28.6,32.4,8,3,4,0,5,3,4,1
EMP-827,Isaac Silva,Legal,0,1.5,0,540,1,19.7,63.3,32.0,6,2,5,0,7,3,6,1
EMP-828,Daniel Haddad,Legal,1,4.4,1,65,0,21.1,80.1,38.7,3,1,5,3,6,3,8,2
EMP-829,Mei Fischer,Legal,0,7.4,1,168,1,20.6,51.6,49.5,4,1,6,0,7,3,7,1
EMP-830,Grace Weber,Legal,0,9.5,2,14,0,46.4,25.1,30.7,7,3,7,3,13,10,4,0
EMP-831,Diego Novak,Legal,0,2.3,0,540,0,25.5,16.5,13.9,4,2,9,5,4,3,6,3
EMP-832,Sofia Kaur,Legal,1,2.5,5,8,1,13.6,88.5,92.7,5,0,9,0,3,1,6,0
EMP-833,Liam Jensen,Legal,1,4.2,1,17,1,12.4,51.3,33.1,7,0,6,2,5,4,5,2
EMP-834,Sara Sato,Legal,0,0.5,4,111,1,33.4,48.6,67.1,2,0,5,0,4,2,4,1
EMP-835,Sara Silva,Legal,0,1.1,1,205,1,10.2,70.6,70.7,5,0,4,0,6,1,7,0
EMP-836,Maya Singh,Legal,1,1.3,2,303,1,12.8,44.8,58.4,6,3,5,3,7,4,8,0
EMP-837,Noah Yilmaz,Legal,1,1.7,0,540,1,20.8,228.0,48.9,7,0,6,2,9,1,10,1
EMP-838,Mia Ivanova,Legal,0,3.4,2,27,1,36.0,53.8,26.3,4,1,6,0,8,4,5,1
EMP-839,Elif Adeyemi,Legal,0,7.4,2,220,1,23.1,53.5,55.8,6,3,10,4,6,2,7,0
EMP-840,Alejandro Bianchi,Legal,1,0.7,1,5,0,34.1,46.2,31.8,9,4,8,5,6,2,7,6
EMP-841,Liam Garcia,Legal,0,19.3,3,12,1,7.4,138.5,79.2,4,0,5,0,7,0,2,0
EMP-842,Grace Fischer,Legal,0,0.6,2,115,1,36.2,38.8,63.9,4,1,4,0,5,1,7,1
EMP-843,Amelia Zimmer,Legal,0,1.5,1,120,1,29.5,49.8,26.9,8,1,4,3,9,2,5,2
EMP-844,Rosa Sato,Legal,1,12.8,4,57,1,14.1,162.7,76.9,8,0,5,0,4,0,10,0
EMP-845,Sofia Gupta,Legal,0,5.3,2,540,0,33.1,104.5,53.0,7,4,7,1,6,3,4,2
EMP-846,Ethan Quinn,Legal,0,0.7,4,35,0,1.9,122.7,80.3,5,0,6,2,6,0,2,0
EMP-847,Rahul Torres,Legal,1,0.5,3,50,1,24.4,93.0,40.9,7,0,5,1,8,2,3,0
EMP-848,Sara Nakamura,Legal,0,2.7,6,30,1,9.5,146.7,94.3,5,0,7,0,8,0,8,1
EMP-849,Nadia Kowalski,Legal,0,4.9,4,59,0,28.9,42.9,40.7,6,3,3,0,6,4,4,1
EMP-850,Sam Bianchi,Legal,1,6.5,3,540,0,29.4,101.4,45.6,11,4,5,0,6,3,4,0
EMP-851,Victor Olsen,Legal,0,1.9,0,540,0,16.4,43.0,32.0,10,4,9,8,3,1,5,4
EMP-852,Uma Rossi,Legal,0,0.1,2,140,1,26.2,30.6,19.2,8,3,7,3,8,6,4,0
EMP-853,Luca Young,Engineering,1,6.3,5,111,1,9.8,228.8,94.5,12,0,5,0,7,0,6,1
EMP-854,Mateo Castillo,Engineering,0,1.4,4,256,1,20.4,30.5,60.9,6,0,3,0,6,1,8,1
EMP-855,Yara Walsh,Engineering,0,7.7,2,42,1,31.0,97.1,78.5,8,2,6,1,6,2,7,1
EMP-856,Hana Weber,Engineering,0,8.1,4,3,1,18.1,109.1,68.7,6,1,5,0,7,0,5,0
EMP-857,Sam Sato,Engineering,0,1.6,0,540,1,26.6,30.9,62.3,7,0,8,1,6,0,4,0
EMP-858,Tariq Nguyen,Engineering,0,7.5,5,78,1,21.5,42.9,86.7,9,0,5,0,8,0,8,0
EMP-859,Sara Haddad,Engineering,0,2.9,3,79,0,14.4,93.3,74.9,3,0,10,0,6,0,6,0
EMP-860,Ben Petrov,Engineering,1,0.8,0,540,1,19.2,120.8,68.1,5,0,5,0,5,1,4,0
EMP-861,Aarav Fischer,Engineering,1,1.2,1,77,1,13.5,325.3,85.5,4,0,7,0,6,0,7,0
EMP-862,Yara Gupta,Engineering,0,3.0,1,4,1,24.7,84.3,62.9,7,1,3,1,6,2,5,0
EMP-863,Elif Young,Engineering,1,3.3,3,83,1,27.5,82.2,73.8,5,0,4,0,3,1,8,4
EMP-864,Leila Lopez,Engineering,1,3.1,1,231,1,24.7,83.4,41.3,5,2,3,1,3,0,4,2
EMP-865,Leila Tanaka,Engineering,0,1.0,2,266,1,26.0,35.4,46.6,8,3,4,3,9,3,6,3
EMP-866,Theo Adeyemi,Engineering,2,1.7,1,23,1,26.0,59.3,67.0,5,0,3,1,3,0,5,2
EMP-867,Aisha Nguyen,Engineering,0,1.6,5,95,1,10.7,81.0,84.8,3,0,5,1,7,0,4,0
EMP-868,Oscar Kowalski,Engineering,0,3.0,5,50,1,23.8,47.9,78.4,3,0,8,2,8,3,7,1
EMP-869,Fatima Murphy,Engineering,0,3.7,5,68,1,1.2,110.6,94.0,6,0,7,1,6,0,7,0
EMP-870,Rosa Silva,Engineering,0,3.8,2,106,1,17.1,128.1,75.8,3,0,7,2,3,0,9,1
EMP-871,Anika Schmidt,Engineering,1,0.2,3,31,0,34.7,42.2,49.8,4,0,4,3,3,1,14,5
EMP-872,Rosa Fischer,Engineering,0,0.9,7,61,1,14.7,158.6,94.2,6,0,6,0,6,0,6,0
EMP-873,Theo Andersen,Engineering,0,3.2,3,58,1,27.4,33.2,31.8,5,0,6,3,4,2,6,1
EMP-874,Aisha Bauer,Engineering,0,0.1,3,114,1,26.0,84.2,68.4,5,0,9,2,3,0,5,0
EMP-875,Sara Tanaka,Engineering,0,4.6,5,60,1,23.5,53.5,60.0,11,0,6,0,7,3,4,0
EMP-876,Alejandro Walsh,Engineering,0,2.9,1,35,1,27.4,176.3,31.2,6,0,7,1,5,0,6,0
EMP-877,Alejandro Brooks,Engineering,1,3.5,5,3,1,20.5,108.8,81.4,7,0,5,0,7,1,9,0
EMP-878,Priya Zhang,Engineering,0,14.2,1,32,1,30.1,26.7,28.0,9,4,6,1,4,0,5,3
EMP-879,Kavya Gupta,Engineering,1,2.3,2,48,1,3.2,399.0,94.0,5,0,3,0,7,0,2,0
EMP-880,Nora Varga,Engineering,0,0.2,2,25,0,20.8,61.1,41.8,4,0,6,1,9,1,6,0
EMP-881,Camila Ivanova,Engineering,1,6.3,4,100,0,32.1,36.1,55.7,6,4,8,2,4,1,4,1
EMP-882,Chloe Bauer,Engineering,0,0.6,3,18,0,28.0,52.5,67.6,7,1,6,0,9,4,4,0
EMP-883,Alejandro Zhang,Engineering,1,0.6,4,43,0,19.8,60.9,66.1,4,0,6,0,7,1,8,1
EMP-884,Sam Kim,Engineering,1,0.3,3,6,0,4.3,42.2,62.0,5,1,7,0,8,0,11,0
EMP-885,Mei Chen,Engineering,1,3.0,1,9,1,37.0,63.8,47.3,5,2,8,1,7,4,7,3
EMP-886,Daniel Chen,Engineering,0,11.8,3,16,1,27.8,62.2,61.2,7,2,3,0,5,3,9,2
EMP-887,Yusuf Torres,Engineering,0,0.3,0,540,1,7.9,80.6,41.4,6,4,8,1,3,1,6,1
EMP-888,Luca Jensen,Engineering,1,6.4,3,314,1,15.1,100.4,62.9,6,1,8,1,3,0,5,1
EMP-889,Aisha Mahraniya,Engineering,0,0.8,2,41,1,30.6,84.5,55.2,12,0,3,1,6,0,5,0
EMP-890,Yusuf Mensah,Engineering,1,11.1,8,37,1,1.9,149.8,96.4,4,0,4,0,6,0,11,1
EMP-891,Jana Zimmer,Engineering,0,4.0,2,313,1,22.9,80.7,37.7,6,3,12,1,9,5,6,0
EMP-892,Rahul Petrov,Engineering,2,0.6,1,3,1,11.6,65.1,71.5,5,0,6,1,7,1,6,1
EMP-893,Mei Kim,Engineering,0,9.1,1,32,1,15.7,120.3,80.9,3,0,6,0,5,0,3,0
EMP-894,Aisha Nakamura,Engineering,0,2.8,5,8,1,26.3,59.5,64.6,4,0,6,0,5,1,7,2
EMP-895,Noah Zimmer,Engineering,0,0.7,3,30,0,18.4,174.2,91.1,5,0,9,0,4,0,8,0
EMP-896,Camila Mahraniya,Engineering,0,5.5,2,10,1,13.8,39.4,53.7,4,2,6,2,5,1,6,3
EMP-897,Mei Weber,Engineering,0,6.9,1,9,1,26.8,124.6,34.6,7,0,8,4,8,3,6,1
EMP-898,Amelia Rossi,Engineering,0,1.7,0,540,1,1.1,42.0,41.8,4,0,5,1,6,3,4,1
EMP-899,Oscar Haddad,Engineering,0,3.1,0,540,1,22.8,75.6,52.1,7,0,6,1,6,2,5,0
EMP-900,Uma Castillo,Engineering,0,3.5,5,3,1,19.2,238.6,93.9,10,0,8,0,7,0,6,0
EMP-901,Oscar Kim,Engineering,0,4.6,2,59,1,24.5,66.7,60.1,3,0,6,0,9,3,4,0
EMP-902,Aarav Quinn,Engineering,0,2.9,4,26,0,23.0,39.6,75.0,7,2,5,2,8,2,5,1
EMP-903,Ethan Kim,Engineering,0,2.0,2,70,1,39.5,165.9,88.8,8,0,8,0,5,0,6,0
EMP-904,Yusuf Zhang,Engineering,1,4.9,5,4,1,17.4,70.9,83.4,9,1,5,1,8,2,7,2
EMP-905,Kai Patel,Engineering,0,1.5,2,67,1,12.5,51.2,80.8,7,1,11,0,3,1,10,1
EMP-906,Camila Patel,Engineering,0,5.0,0,540,1,29.6,43.0,34.1,8,4,6,3,6,3,9,0
EMP-907,Mia Silva,Engineering,0,4.7,2,28,1,9.3,87.5,58.8,7,1,6,0,4,2,4,1
EMP-908,Kai Petrov,Engineering,0,0.6,2,44,1,22.6,37.1,43.1,7,1,11,0,4,1,2,1
EMP-909,Hana Schmidt,Engineering,0,2.1,5,14,1,16.5,142.1,78.8,3,0,4,0,2,0,4,0
EMP-910,Elif Kim,Engineering,0,7.5,4,189,1,20.6,103.5,74.0,4,0,7,0,4,2,6,0
EMP-911,Fatima Walsh,Engineering,1,1.5,6,148,0,1.8,64.6,77.6,6,0,8,1,4,1,7,1
EMP-912,Elif Costa,Engineering,0,6.9,2,540,0,24.0,52.5,30.4,7,0,3,1,5,1,6,2
EMP-913,Ben Patel,Engineering,0,2.1,4,51,1,18.5,226.0,93.8,8,0,4,0,7,0,8,0
EMP-914,Theo Sato,Engineering,0,3.8,2,23,0,16.4,77.0,84.2,7,1,5,0,5,0,5,1
EMP-915,Jana Mahraniya,Engineering,0,0.2,0,540,1,24.0,40.8,57.4,6,0,7,1,5,1,5,0
EMP-916,Camila Murphy,Engineering,0,0.7,2,3,1,23.0,71.4,75.2,9,1,6,2,5,0,8,1
EMP-917,Sara Andersen,Engineering,0,3.7,5,3,0,25.0,65.9,84.4,5,0,7,1,5,1,4,0
EMP-918,Kavya Haddad,Engineering,0,15.5,2,185,1,13.4,58.3,59.7,4,1,5,1,5,2,6,2
EMP-919,Luca Rossi,Engineering,0,0.5,4,280,1,27.9,72.1,70.4,3,0,5,2,7,2,4,2
EMP-920,Nadia Fischer,Engineering,0,0.6,1,24,1,13.7,117.9,68.2,4,0,4,0,8,0,6,0
EMP-921,Felix Okafor,Engineering,0,0.9,1,50,1,25.9,75.0,76.6,10,0,7,2,7,1,3,0
EMP-922,Rahul Zhang,Engineering,0,2.4,1,210,1,18.2,298.9,42.5,5,0,11,1,9,2,3,1
EMP-923,Alejandro Mahraniya,Engineering,0,2.4,3,60,1,11.8,348.3,94.6,5,0,6,0,10,2,4,1
EMP-924,Priya Larsen,Engineering,0,6.1,3,179,1,1.2,119.9,81.3,4,0,4,0,6,1,8,2
EMP-925,Noah Eriksen,Engineering,0,5.3,5,62,1,16.8,59.6,92.0,5,0,4,1,4,0,2,0
EMP-926,Maya Varga,Engineering,0,1.3,2,142,1,23.2,61.8,23.1,4,0,6,0,5,1,7,1
EMP-927,Omar Young,Engineering,1,8.8,2,76,1,31.1,73.5,71.7,9,2,6,2,2,0,6,1
EMP-928,Jana Fischer,Engineering,1,4.2,4,62,1,17.0,77.7,90.4,6,0,6,2,5,0,4,0
EMP-929,Mateo Novak,Engineering,0,1.4,1,268,1,19.8,33.8,22.2,4,1,5,2,3,2,5,3
EMP-930,Theo Zimmer,Engineering,1,8.7,4,19,1,7.7,117.3,88.9,8,0,5,0,9,0,5,0
EMP-931,Hana Silva,Engineering,0,2.5,1,8,1,12.6,90.0,88.6,5,0,7,1,4,0,10,0
EMP-932,Jonas Okafor,Engineering,1,1.0,0,540,1,22.5,60.5,36.6,5,4,7,1,5,3,3,1
EMP-933,Sara Walsh,Engineering,0,7.5,1,85,1,6.5,111.6,73.8,5,1,8,1,8,1,9,2
EMP-934,Grace Petrov,Engineering,1,13.4,6,28,1,21.9,116.8,85.8,5,1,5,0,7,1,6,0
EMP-935,Isaac Zhang,Engineering,0,1.8,3,391,0,41.0,44.6,35.1,8,3,5,3,9,3,6,4
EMP-936,Uma Suzuki,Engineering,1,4.9,1,3,1,9.9,91.8,72.3,3,1,6,0,6,0,7,0
EMP-937,Diego Yilmaz,Engineering,1,1.4,3,162,1,23.8,28.6,78.5,5,2,7,1,6,3,6,3
EMP-938,Rahul Quinn,Engineering,0,0.8,1,28,1,10.2,73.3,69.6,7,1,4,0,7,1,5,0
EMP-939,Grace Larsen,Engineering,0,2.8,2,63,1,0.0,124.0,80.1,7,1,6,1,6,0,6,1
EMP-940,Ethan Jensen,Engineering,0,4.6,3,344,1,18.7,69.6,73.9,6,2,8,1,7,1,4,2
EMP-941,Victor Chen,Engineering,0,1.8,4,33,1,36.5,123.8,52.7,8,1,5,1,8,1,3,0
EMP-942,Camila Gupta,Engineering,0,15.2,2,130,0,10.7,59.8,48.9,6,1,8,2,8,3,6,0
EMP-943,Diego Kowalski,Engineering,0,1.6,0,540,1,25.2,20.8,37.4,7,4,7,6,7,5,3,1
EMP-944,Victor Kowalski,Engineering,0,0.6,4,226,1,28.4,98.3,60.1,3,2,5,4,6,4,7,2
EMP-945,Luca Kaur,Engineering,0,1.2,2,3,1,13.7,184.5,74.4,7,0,7,3,6,0,7,0
EMP-946,Ethan Chen,Engineering,1,4.0,3,21,0,12.5,153.2,81.5,3,0,5,0,7,1,4,0
EMP-947,Sam Chen,Engineering,0,1.0,1,14,1,2.6,115.3,88.7,8,0,5,0,8,0,8,0
EMP-948,Hugo Haddad,Engineering,0,7.2,1,201,1,25.4,63.8,71.0,6,0,7,1,5,1,5,3
EMP-949,Leila Okafor,Engineering,1,2.9,3,26,1,35.7,51.0,53.5,5,2,4,1,5,3,6,1
EMP-950,Liam Nguyen,Engineering,0,4.4,3,9,0,13.8,91.6,67.5,4,0,5,1,2,0,6,1
EMP-951,Theo Hughes,Engineering,0,8.8,4,270,0,29.6,44.3,77.2,6,2,7,2,6,1,6,1
EMP-952,Nadia Tanaka,Engineering,0,3.1,2,3,1,13.5,289.1,63.7,5,0,12,1,4,0,5,1
EMP-953,Ines Okafor,Engineering,0,0.4,2,143,1,9.7,48.9,47.2,9,3,7,4,4,1,7,1
EMP-954,Hana Singh,Engineering,0,5.5,2,23,1,0.0,105.4,82.8,4,0,7,1,3,0,9,0
EMP-955,Yara Murphy,Engineering,0,0.4,2,25,1,14.1,27.6,74.4,4,0,9,0,10,2,6,1
EMP-956,Theo Schmidt,Engineering,0,4.1,4,6,1,26.0,146.7,88.2,9,0,3,0,3,0,3,0
EMP-957,Priya Young,Engineering,0,0.5,5,65,0,27.1,85.6,39.0,6,2,6,2,9,2,5,2
EMP-958,Felix Varga,Engineering,1,1.2,7,110,1,13.5,93.8,95.0,5,2,5,0,5,0,7,0
EMP-959,Zoe Torres,Engineering,1,1.1,2,10,1,25.9,173.5,57.4,7,1,5,0,5,1,4,1
EMP-960,Theo Silva,Engineering,0,2.9,1,17,1,14.9,226.6,90.1,2,0,8,0,3,0,6,0
EMP-961,Felix Wagner,Engineering,0,3.3,3,40,0,15.0,56.3,74.2,7,0,3,0,4,0,5,2
EMP-962,Luca Larsen,Engineering,0,17.2,1,273,1,20.5,33.4,14.6,4,1,5,2,6,1,8,3
EMP-963,Hana Tanaka,Engineering,0,12.0,3,13,1,3.4,128.7,67.5,7,0,8,0,7,0,4,0
EMP-964,Lina Ivanova,Engineering,1,3.7,2,166,1,35.5,24.7,54.8,8,1,7,3,8,3,4,2
EMP-965,Liam Weber,Engineering,0,1.7,1,62,0,23.3,128.1,43.0,8,0,7,2,5,0,10,1
EMP-966,Uma Tanaka,Engineering,0,1.4,1,12,1,18.9,61.6,77.7,8,0,8,3,9,1,4,0
EMP-967,Luca Olsen,Engineering,2,0.9,1,3,1,25.9,71.6,37.4,9,3,5,3,8,3,8,4
EMP-968,Mateo Andersen,Engineering,1,1.4,3,50,1,7.3,138.8,87.3,5,0,4,0,8,0,7,1
EMP-969,Rosa Nakamura,Engineering,0,3.9,2,84,0,37.5,11.7,12.6,7,5,4,3,5,4,6,2
EMP-970,Sofia Garcia,Engineering,2,5.8,2,226,1,18.8,131.7,61.8,5,1,5,1,5,2,4,2
EMP-971,Sara Larsen,Engineering,0,9.3,4,96,1,9.5,177.2,82.8,4,0,3,0,8,0,6,0
EMP-972,Zoe Adeyemi,Engineering,0,1.6,3,114,1,27.8,96.5,47.7,6,0,5,0,11,4,7,3
EMP-973,Leila Patel,Engineering,1,4.2,7,26,1,11.2,156.0,97.0,7,0,7,0,8,0,4,0
EMP-974,Camila Bauer,Engineering,0,1.1,2,59,0,27.2,146.3,56.4,7,1,9,0,7,2,4,0
EMP-975,Fatima Fischer,Engineering,0,4.4,5,159,1,10.5,61.0,81.1,6,0,5,0,9,0,6,0
EMP-976,Uma Gupta,Engineering,0,7.5,2,7,1,20.6,78.8,82.2,6,2,7,0,7,0,7,1
EMP-977,Camila Schmidt,Engineering,0,0.9,0,540,0,20.8,30.8,12.0,6,5,3,2,4,2,3,2
EMP-978,Mateo Rossi,Engineering,1,2.3,1,78,1,17.5,22.7,26.8,6,4,6,3,9,4,7,3
EMP-979,Fatima Weber,Engineering,0,1.0,1,24,1,16.1,48.0,38.4,7,1,5,3,7,2,5,3
EMP-980,Mei Petrov,Engineering,0,4.3,3,194,1,16.0,123.0,81.5,5,0,8,2,4,1,7,1
EMP-981,Kavya Quinn,Engineering,1,7.8,1,167,1,31.8,33.0,39.1,8,3,7,1,8,2,4,3
EMP-982,Yara Okafor,Engineering,2,8.0,3,27,1,18.6,83.6,83.1,6,0,9,1,5,0,8,0
EMP-983,Fatima Wagner,Engineering,1,0.1,5,3,1,15.6,136.5,79.5,8,0,2,0,7,0,7,1
EMP-984,Nadia Zhang,Engineering,2,3.0,1,92,1,3.0,96.7,72.5,6,0,6,2,5,0,6,1
EMP-985,Chloe Yilmaz,Engineering,1,0.9,3,58,1,12.6,119.3,86.1,4,0,6,0,6,0,8,0
EMP-986,Anika Nakamura,Engineering,0,6.4,0,540,1,28.3,17.9,10.6,8,6,3,2,7,4,7,4
EMP-987,Lina Tanaka,Engineering,1,0.7,4,63,1,22.7,95.0,75.6,9,1,7,1,6,1,5,0
EMP-988,Theo Wagner,Engineering,0,0.9,2,55,1,22.7,124.7,82.3,8,1,7,0,5,1,4,0
EMP-989,Kai Silva,Engineering,0,30.0,2,74,1,31.6,72.3,62.0,7,1,2,1,4,1,6,1
EMP-990,Hana Chen,Engineering,0,7.8,1,3,1,14.4,597.5,87.9,6,0,5,0,4,0,7,0
EMP-991,Felix Kowalski,Engineering,0,1.4,2,67,0,20.9,66.3,49.5,6,1,6,3,5,1,5,1
EMP-992,Noah Hughes,Engineering,0,2.4,4,45,1,10.7,103.4,72.6,7,0,5,0,10,0,6,1
EMP-993,Liam Okafor,Engineering,0,7.2,6,15,1,13.8,111.3,97.2,9,0,9,1,6,0,3,0
EMP-994,Daniel Zimmer,Engineering,0,1.2,2,41,1,28.8,81.7,47.9,5,0,5,3,5,1,6,1
EMP-995,Anika Tanaka,Engineering,0,8.5,1,16,1,0.0,354.1,95.2,10,1,11,0,4,0,5,0
EMP-996,Diego Mahraniya,Engineering,2,0.7,0,540,1,13.1,99.5,38.0,3,0,3,1,9,1,8,4
EMP-997,Sofia Tanaka,Engineering,0,0.7,1,59,1,27.5,76.4,79.9,6,0,5,0,3,0,10,3
EMP-998,Ines Zhang,Engineering,0,4.6,0,540,1,32.1,57.3,47.6,4,2,5,0,4,2,4,2
EMP-999,Omar Torres,Engineering,1,1.5,1,101,0,19.3,99.1,78.0,10,0,8,2,8,1,12,0
EMP-1000,Mei Mahraniya,Engineering,1,9.3,6,30,1,3.2,241.4,96.0,6,0,7,0,4,0,5,0
EMP-1001,Felix Kaur,Engineering,1,7.3,3,169,0,21.5,35.8,63.9,7,1,7,3,8,2,5,2
EMP-1002,Tariq Jensen,Engineering,2,0.1,2,43,1,12.8,8.5,26.9,7,0,5,4,6,5,9,5
EMP-1003,Emma Olsen,Engineering,0,2.9,6,67,1,8.9,152.0,83.3,8,0,9,0,5,0,3,0
EMP-1004,Grace Torres,Engineering,0,5.8,0,540,1,20.6,62.5,77.2,3,0,5,0,7,0,9,2
EMP-1005,Isaac Larsen,Engineering,0,8.6,3,17,1,8.4,267.7,90.7,6,1,5,0,5,0,7,0
EMP-1006,Mei Patel,Engineering,2,0.1,2,56,1,14.9,154.0,65.8,10,0,4,0,5,0,3,1
EMP-1007,Luca Suzuki,Engineering,0,2.1,2,150,0,17.5,40.8,35.5,9,1,9,1,5,0,7,0
EMP-1008,Leila Bianchi,Engineering,0,4.9,0,540,1,22.4,94.0,22.9,7,1,2,0,4,0,3,1
EMP-1009,Jana Dubois,Engineering,0,2.4,4,58,1,20.3,33.8,65.6,8,0,9,0,6,1,7,1
EMP-1010,Sam Silva,Engineering,0,6.4,1,53,1,17.5,197.4,80.9,5,1,3,0,7,1,7,0
EMP-1011,Aarav Varga,Engineering,1,8.1,3,107,1,18.4,54.0,31.4,6,1,6,3,8,3,6,2
EMP-1012,Aarav Haddad,Engineering,0,0.3,4,151,1,12.2,221.2,83.6,9,0,6,0,10,2,4,1
EMP-1013,Anika Torres,Engineering,0,3.3,3,22,1,19.1,169.4,79.7,4,1,7,1,7,0,10,0
EMP-1014,Rahul Chen,Engineering,2,0.6,1,269,1,16.5,39.1,23.1,4,1,4,2,8,5,9,7
EMP-1015,Priya Eriksen,Engineering,0,4.1,3,11,0,19.7,74.6,72.7,5,1,5,0,4,0,7,1
EMP-1016,Zoe Novak,Engineering,0,2.9,1,285,1,20.1,97.1,40.0,7,1,3,1,3,0,7,3
EMP-1017,Nora Fischer,Engineering,0,0.2,6,29,0,16.3,182.0,90.4,7,1,3,0,3,0,6,0
EMP-1018,Sofia Sato,Engineering,1,5.7,4,7,1,8.5,226.8,89.0,6,1,7,0,8,0,5,0
EMP-1019,Noah Castillo,Engineering,0,2.7,1,349,1,26.8,34.5,30.6,5,2,8,5,4,2,8,2
EMP-1020,Yara Novak,Engineering,0,14.3,4,193,1,13.8,61.5,69.4,10,1,10,1,7,1,6,2
EMP-1021,Omar Costa,Engineering,0,7.5,1,16,1,28.6,36.2,23.2,3,2,9,6,6,5,7,4
EMP-1022,Hana Nakamura,Engineering,0,0.8,1,107,1,31.7,225.2,68.3,5,2,6,0,6,1,7,0
EMP-1023,Omar Bianchi,Engineering,0,4.4,4,17,1,17.6,302.8,87.2,6,0,3,0,8,0,7,0
EMP-1024,Mei Okafor,Engineering,0,7.6,0,540,1,32.2,97.9,64.5,10,0,4,1,4,0,5,1
EMP-1025,Mia Fischer,Engineering,0,0.7,1,142,0,16.8,48.4,71.0,9,1,3,0,5,1,9,2
EMP-1026,Nora Singh,Engineering,0,7.1,2,424,1,36.7,44.2,38.0,4,0,5,4,8,1,3,2
EMP-1027,Yara Adeyemi,Engineering,1,1.3,2,46,1,16.0,97.2,88.2,7,0,6,0,9,1,11,0
EMP-1028,Elif Larsen,Engineering,1,14.3,0,540,1,6.8,22.7,26.9,4,1,3,1,7,1,5,1
EMP-1029,Mateo Walsh,Engineering,0,0.2,4,49,1,8.7,343.5,87.1,8,0,2,0,5,0,4,0
EMP-1030,Oscar Patel,Engineering,0,11.1,5,232,0,14.9,26.5,72.0,4,0,7,0,6,5,7,1
EMP-1031,Tariq Brooks,Engineering,0,1.8,2,95,1,10.9,82.4,62.0,5,1,9,0,5,1,5,0
EMP-1032,Emma Tanaka,Engineering,1,6.8,2,147,1,12.2,48.5,63.7,3,0,6,1,6,1,3,1
EMP-1033,Kavya Tanaka,Engineering,0,0.5,4,171,1,14.8,133.9,59.4,7,0,6,0,4,0,10,1
EMP-1034,Aisha Suzuki,Engineering,0,0.3,1,19,0,29.2,36.2,14.4,9,6,6,3,6,4,6,3
EMP-1035,Alejandro Wagner,Engineering,1,6.2,1,105,1,10.5,149.9,46.8,7,1,8,1,7,1,6,0
EMP-1036,Yusuf Eriksen,Engineering,1,1.4,2,11,1,1.2,164.9,71.6,7,0,7,0,7,0,7,0
EMP-1037,Alejandro Haddad,Engineering,0,0.2,1,39,0,0.0,154.1,84.8,3,0,3,0,4,0,8,1
EMP-1038,Jonas Chen,Engineering,0,6.7,3,209,1,33.1,37.1,49.2,6,1,5,2,5,1,6,4
EMP-1039,Jonas Olsen,Engineering,0,0.3,4,3,1,24.3,68.3,72.2,5,0,6,2,3,1,7,2
EMP-1040,Zoe Quinn,Engineering,0,3.3,3,106,1,27.3,71.5,75.5,4,1,5,0,8,2,6,3
EMP-1041,Omar Zimmer,Engineering,0,5.3,1,70,1,19.6,107.9,67.4,11,0,12,4,3,1,6,1
EMP-1042,Luca Lopez,Engineering,1,5.0,2,149,1,21.4,72.0,66.5,7,0,6,0,5,0,5,1
EMP-1043,Liam Lopez,Engineering,0,2.8,2,56,1,31.3,114.4,82.4,7,1,3,0,5,0,7,0
EMP-1044,Nadia Kaur,Engineering,0,9.6,2,144,1,23.3,134.3,54.8,5,0,8,0,3,1,6,1
EMP-1045,Nadia Mahraniya,Engineering,2,0.9,3,80,1,7.0,79.2,90.0,9,1,5,0,6,0,4,1
EMP-1046,Fatima Torres,Engineering,0,2.3,3,65,1,3.8,255.8,88.8,8,0,6,0,4,0,10,0
EMP-1047,Mia Costa,Engineering,1,8.6,4,68,1,25.5,300.1,84.9,3,0,5,0,11,0,5,1
EMP-1048,Jana Weber,Engineering,1,11.9,2,7,0,40.7,34.5,32.9,7,4,8,8,6,4,5,4
EMP-1049,Isaac Dubois,Engineering,0,0.8,6,37,1,14.5,116.1,88.0,5,0,6,0,4,1,5,0
EMP-1050,Priya Tanaka,Engineering,0,1.0,4,3,1,9.3,312.7,97.8,5,0,5,0,4,0,5,0
EMP-1051,Ben Bauer,Engineering,0,1.3,5,111,1,12.5,79.6,73.4,6,0,5,1,6,2,7,1
EMP-1052,Liam Yilmaz,Engineering,0,0.5,3,4,1,5.5,40.2,76.7,3,1,7,0,7,0,5,1
EMP-1053,Omar Murphy,Engineering,0,0.1,3,184,1,12.3,87.1,90.4,3,1,5,0,4,0,4,0
EMP-1054,Nora Schmidt,Engineering,0,1.8,2,68,1,22.2,126.2,85.4,3,1,4,0,7,1,7,0
EMP-1055,Amelia Murphy,Engineering,1,4.8,2,107,0,8.0,163.5,67.8,5,0,5,1,5,0,6,1
EMP-1056,Aarav Bauer,Engineering,0,4.8,1,5,1,19.8,210.0,86.5,6,0,7,0,5,0,7,1
EMP-1057,Rahul Zimmer,Engineering,0,6.0,3,471,1,30.7,81.3,43.1,7,3,4,0,6,2,4,1
EMP-1058,Sofia Bianchi,Engineering,2,4.1,2,84,1,18.7,78.6,46.2,5,2,5,1,10,3,6,0
EMP-1059,Nadia Rossi,Engineering,0,0.6,4,18,1,0.0,181.1,88.6,9,0,9,0,5,0,4,0
EMP-1060,Rosa Moreau,Engineering,0,1.9,1,211,1,5.7,74.2,55.5,8,3,7,0,4,0,4,0
EMP-1061,Rosa Eriksen,Engineering,0,7.5,0,540,0,24.2,123.1,34.7,5,0,4,0,5,1,8,1
EMP-1062,Sam Wagner,Engineering,0,4.8,1,28,0,30.7,39.0,39.9,6,1,6,0,5,0,7,0
EMP-1063,Theo Walsh,Engineering,0,3.1,2,74,0,14.1,144.2,72.2,6,0,9,1,6,0,6,1
EMP-1064,Rahul Wagner,Engineering,0,7.7,2,25,1,13.0,79.2,27.8,6,1,4,2,6,3,8,1
EMP-1065,Sam Okafor,Engineering,1,0.1,2,3,1,6.1,73.1,80.6,5,0,7,2,4,0,9,0
EMP-1066,Sam Zhang,Engineering,0,3.6,2,189,1,42.1,42.5,37.2,8,3,10,7,3,2,4,2
EMP-1067,Emma Chen,Engineering,1,0.1,4,84,1,25.8,33.5,77.8,3,0,6,0,6,1,2,0
EMP-1068,Alejandro Nakamura,Engineering,1,4.4,4,416,1,16.8,84.5,85.8,9,0,8,0,4,0,6,0
EMP-1069,Zoe Chen,Engineering,1,15.4,2,4,0,13.6,54.2,74.2,4,2,6,3,7,1,7,0
EMP-1070,Sara Adeyemi,Engineering,1,1.9,1,175,0,18.9,128.2,45.2,6,4,2,1,4,0,5,0
EMP-1071,Uma Jensen,Engineering,1,5.6,1,90,1,16.7,43.6,25.3,2,0,6,3,5,4,7,1
EMP-1072,Isaac Garcia,Engineering,0,6.3,3,74,1,27.1,134.6,89.8,5,1,4,0,3,0,5,0
EMP-1073,Lina Bauer,Engineering,0,0.8,5,18,1,12.4,52.9,78.8,10,1,9,0,7,0,8,1
EMP-1074,Jana Andersen,Engineering,0,3.1,5,24,0,20.7,55.9,74.5,3,0,6,1,6,2,4,1
EMP-1075,Luca Schmidt,Engineering,1,1.3,3,49,1,1.5,71.6,85.6,5,1,6,0,5,0,7,0
EMP-1076,Oscar Quinn,Engineering,0,0.3,2,21,1,2.6,92.3,50.6,4,1,6,1,6,3,3,0
EMP-1077,Alejandro Costa,Engineering,0,2.3,5,145,1,4.4,111.1,88.2,5,2,6,0,5,0,3,0
EMP-1078,Zoe Nakamura,Engineering,0,0.4,1,8,1,25.1,143.1,48.6,7,3,6,1,5,0,8,4
EMP-1079,Oscar Walsh,Engineering,2,9.6,1,96,0,18.7,69.8,42.8,6,0,6,3,7,4,5,2
EMP-1080,Anika Adeyemi,Engineering,0,0.5,0,540,1,19.1,62.4,22.5,6,3,4,3,5,2,5,4
EMP-1081,Sofia Eriksen,Engineering,0,6.6,4,27,1,8.5,131.2,79.2,6,0,4,1,5,2,6,0
EMP-1082,Lina Sato,Engineering,0,1.0,4,82,1,15.6,65.3,84.3,6,0,8,1,5,1,3,0
EMP-1083,Sara Olsen,Engineering,0,5.2,4,34,1,21.4,47.5,41.8,8,1,5,0,4,1,7,2
EMP-1084,Fatima Eriksen,Engineering,0,3.1,1,147,1,9.6,85.0,57.1,7,1,8,2,6,1,6,2
EMP-1085,Sam Adeyemi,Engineering,1,20.8,1,97,1,23.6,33.5,12.3,5,3,11,7,3,2,4,4
EMP-1086,Luca Adeyemi,Engineering,1,2.6,3,98,1,21.1,30.5,56.8,7,0,7,0,10,2,8,2
EMP-1087,Aarav Wagner,Engineering,0,1.6,5,446,0,22.6,46.3,57.0,7,0,4,0,6,0,4,0
EMP-1088,Chloe Dubois,Engineering,1,0.6,1,13,1,3.2,237.6,64.2,6,0,5,1,6,1,6,0
EMP-1089,Hugo Yilmaz,Engineering,0,4.8,1,22,1,0.0,89.9,59.8,4,0,7,0,4,0,5,0
EMP-1090,Oscar Ivanova,Engineering,0,6.1,3,153,1,0.0,193.3,81.7,8,0,10,1,5,2,5,1
EMP-1091,Maya Yilmaz,Engineering,0,4.7,5,75,1,20.5,309.3,95.9,6,0,11,0,8,0,6,0
EMP-1092,Yara Garcia,Engineering,0,4.9,4,14,1,2.4,161.3,95.2,3,0,8,0,3,0,5,0
EMP-1093,Amelia Mensah,Engineering,0,5.5,0,540,1,23.2,14.5,26.0,4,3,7,3,6,3,8,4
EMP-1094,Zoe Young,Engineering,0,0.4,2,158,1,12.3,64.8,47.2,4,0,6,2,4,2,8,3
EMP-1095,Uma Walsh,Engineering,1,4.2,8,3,0,12.8,235.3,94.3,7,0,6,0,6,0,6,0
EMP-1096,Yusuf Castillo,Engineering,0,0.1,6,64,1,24.1,79.7,71.3,5,0,5,0,5,1,6,0
EMP-1097,Ines Tanaka,Engineering,0,21.9,3,80,1,14.2,260.6,82.9,5,0,7,1,6,0,7,1
EMP-1098,Omar Weber,Engineering,1,15.9,3,3,1,21.2,160.2,70.6,4,0,7,0,9,0,7,0
EMP-1099,Sofia Jensen,Engineering,1,4.4,3,540,1,18.4,87.9,53.1,6,1,7,1,3,2,4,1
EMP-1100,Rosa Castillo,Engineering,1,1.1,1,19,1,25.6,85.0,63.4,5,0,5,0,5,1,7,1
EMP-1101,Leila Kowalski,Engineering,0,0.1,4,49,1,13.6,115.1,87.7,5,0,7,0,5,0,8,0
EMP-1102,Isaac Yilmaz,Engineering,1,3.9,2,10,1,34.2,44.7,41.5,6,1,6,2,5,4,4,1
EMP-1103,Rahul Fischer,Engineering,0,2.5,0,540,1,16.7,38.9,15.6,5,0,6,3,2,0,13,8
EMP-1104,Mia Singh,Engineering,0,5.7,3,100,0,41.3,25.6,14.3,5,0,7,4,8,7,7,2
EMP-1105,Chloe Mensah,Engineering,0,0.2,3,3,1,29.7,116.6,57.5,3,0,7,0,6,0,6,2
EMP-1106,Mei Moreau,Engineering,0,1.5,4,74,1,11.7,143.6,71.4,5,0,7,0,10,0,5,0
EMP-1107,Hugo Zhang,Engineering,1,1.1,0,540,1,20.6,32.9,13.6,5,3,11,6,10,9,4,3
EMP-1108,Oscar Lopez,Engineering,0,6.7,4,84,1,20.5,68.7,76.7,11,0,6,0,6,0,5,0
EMP-1109,Ines Kaur,Engineering,0,7.0,1,3,1,25.6,173.4,65.9,5,0,5,0,5,0,3,0
EMP-1110,Amelia Suzuki,Engineering,0,8.8,2,58,1,37.2,67.3,23.9,9,6,4,3,7,6,6,2
EMP-1111,Sara Weber,Engineering,1,10.9,1,310,0,26.2,66.6,53.4,4,0,11,4,6,1,6,2
EMP-1112,Rahul Yilmaz,Engineering,0,2.9,1,64,1,30.4,85.5,20.0,4,1,9,2,8,5,8,2
EMP-1113,Rahul Kowalski,Engineering,0,0.4,4,164,1,18.6,74.2,43.5,6,1,5,1,7,2,5,0
EMP-1114,Priya Nguyen,Engineering,1,7.0,3,459,1,27.7,93.1,74.3,3,0,7,1,6,3,6,2
EMP-1115,Grace Moreau,Engineering,0,5.6,7,13,1,14.1,121.9,91.7,6,0,7,1,2,1,6,0
EMP-1116,Leila Wagner,Engineering,1,1.2,5,237,1,37.1,16.5,46.1,5,1,10,3,5,3,6,0
EMP-1117,Zoe Hughes,Engineering,1,7.1,2,79,1,18.2,85.0,78.1,6,0,7,2,6,0,11,5
EMP-1118,Hugo Nguyen,Engineering,0,1.2,0,540,1,9.9,37.7,25.7,7,2,2,2,7,4,10,4
EMP-1119,Elif Silva,Engineering,0,8.3,1,57,1,20.3,87.8,58.8,7,0,6,0,11,1,9,1
EMP-1120,Yusuf Bauer,Engineering,2,12.9,5,135,1,23.1,72.9,94.0,9,1,4,0,8,0,6,0
EMP-1121,Ines Eriksen,Engineering,1,5.8,2,152,1,22.4,56.2,54.2,5,2,5,2,6,2,5,2
EMP-1122,Hugo Sato,Engineering,0,1.9,2,52,1,16.5,61.3,75.7,6,0,8,0,5,3,4,0
EMP-1123,Tariq Zimmer,Engineering,0,5.3,1,26,1,0.0,78.2,53.1,6,2,6,0,9,1,5,1
EMP-1124,Mia Mahraniya,Engineering,0,0.7,1,16,1,0.0,65.5,84.4,5,0,7,1,6,1,5,0
EMP-1125,Nora Sato,Engineering,0,4.2,2,90,1,22.2,81.3,62.4,5,0,6,0,5,1,8,1
EMP-1126,Mia Moreau,Engineering,0,0.1,2,93,1,0.0,730.4,94.3,5,0,7,0,5,0,6,0
EMP-1127,Ethan Zhang,Engineering,1,8.3,3,111,1,10.7,70.6,75.0,8,1,2,0,8,2,2,0
EMP-1128,Isaac Singh,Engineering,0,0.5,3,17,1,19.1,65.3,75.4,5,0,6,0,6,1,5,0
EMP-1129,Amelia Wagner,Engineering,1,1.0,2,17,1,36.0,28.2,31.8,8,4,7,3,3,2,10,7
EMP-1130,Uma Haddad,Engineering,0,0.1,1,13,1,24.9,49.8,37.3,9,3,6,1,4,1,5,2
EMP-1131,Yusuf Adeyemi,Engineering,0,1.2,4,302,0,13.6,97.6,75.7,10,0,8,0,7,0,6,2
EMP-1132,Nora Mahraniya,Engineering,1,4.9,1,130,0,11.5,90.9,41.9,6,0,3,0,4,0,8,3
EMP-1133,Zoe Brooks,Engineering,1,3.1,0,540,1,33.1,84.2,19.5,6,3,8,6,4,3,5,2
EMP-1134,Felix Murphy,Engineering,1,2.8,1,99,1,21.8,64.8,44.4,5,2,5,1,8,1,6,1
EMP-1135,Jana Olsen,Engineering,0,8.2,3,20,1,0.0,277.2,86.6,6,0,3,1,4,0,8,1
EMP-1136,Nadia Silva,Engineering,0,0.3,2,44,1,18.8,34.6,66.1,4,0,4,0,6,1,6,1
EMP-1137,Ethan Gupta,Engineering,1,3.9,1,17,1,0.0,131.8,73.7,7,1,4,0,8,1,5,0
EMP-1138,Fatima Gupta,Engineering,1,0.1,6,76,1,17.8,78.7,83.5,6,0,4,0,4,2,7,1
EMP-1139,Liam Zimmer,Engineering,0,5.8,8,117,1,13.5,132.6,87.9,9,0,4,0,6,0,3,0
EMP-1140,Mia Mensah,Engineering,1,2.4,2,286,1,27.4,36.1,43.0,3,0,7,2,7,4,9,1
EMP-1141,Camila Mensah,Engineering,1,1.2,1,71,1,19.9,132.5,58.1,3,0,4,2,8,3,4,0
EMP-1142,Jana Singh,Engineering,1,3.3,1,47,1,15.3,29.9,24.8,4,0,9,2,4,1,9,6
EMP-1143,Hugo Quinn,Engineering,0,4.6,3,64,1,22.4,198.3,75.2,5,0,5,1,6,0,5,0
EMP-1144,Rahul Andersen,Engineering,1,2.8,1,14,1,24.0,35.8,61.5,9,2,6,3,2,1,5,1
EMP-1145,Fatima Schmidt,Engineering,1,0.7,0,540,1,8.0,87.1,50.1,10,2,5,2,5,1,5,3
EMP-1146,Hana Zimmer,Engineering,1,2.9,2,104,1,6.2,77.3,81.9,8,2,7,2,7,2,4,1
EMP-1147,Camila Novak,Engineering,0,3.4,3,171,1,10.8,44.3,59.0,7,1,5,1,8,1,9,2
EMP-1148,Zoe Silva,Engineering,1,0.7,2,18,1,16.4,72.1,39.0,5,0,6,1,3,1,7,2
EMP-1149,Rahul Dubois,Engineering,1,0.2,2,26,0,35.3,67.4,61.6,6,1,3,1,6,3,5,0
EMP-1150,Hana Bauer,Engineering,0,9.8,2,366,1,34.0,14.6,3.2,4,1,8,6,9,6,5,2
EMP-1151,Emma Moreau,Engineering,0,9.9,1,80,1,24.5,73.5,57.5,8,0,3,0,6,1,4,1
EMP-1152,Amelia Bauer,Engineering,0,5.8,1,224,1,6.0,105.0,25.0,5,3,6,2,7,3,6,3
EMP-1153,Omar Mensah,Engineering,0,3.1,2,540,0,23.8,106.4,83.0,6,0,9,1,3,0,6,0
EMP-1154,Mia Brooks,Engineering,0,4.6,3,73,1,14.7,238.1,88.1,6,0,3,1,6,0,8,2
EMP-1155,Rahul Tanaka,Engineering,0,0.5,2,6,1,23.3,48.1,34.0,6,2,9,4,6,2,4,0
EMP-1156,Hana Larsen,Engineering,0,5.1,2,34,0,26.9,34.4,31.9,8,1,5,1,5,1,3,1
EMP-1157,Oscar Hughes,Engineering,0,10.2,3,102,1,13.8,108.6,79.8,5,0,11,1,7,1,7,1
EMP-1158,Sofia Petrov,Engineering,1,14.8,1,33,1,38.1,38.7,33.2,6,1,6,1,7,1,7,3
EMP-1159,Kavya Ivanova,Engineering,1,10.6,3,54,1,28.7,50.0,24.1,6,2,8,5,5,2,7,5
EMP-1160,Emma Bauer,Engineering,0,3.2,4,32,1,14.6,90.9,82.4,7,0,3,0,4,0,5,0
EMP-1161,Hana Mahraniya,Engineering,0,1.6,2,124,0,20.5,62.0,65.0,3,0,5,1,6,2,7,3
EMP-1162,Aisha Bianchi,Engineering,0,4.6,0,540,1,8.4,121.1,85.6,3,0,7,1,6,1,3,0
EMP-1163,Hana Petrov,Engineering,1,0.7,2,24,1,37.2,40.9,57.9,6,0,5,1,7,1,4,1
EMP-1164,Uma Young,Engineering,0,0.7,2,21,1,22.0,151.5,58.3,8,1,10,0,6,0,8,0
EMP-1165,Sara Zhang,Engineering,0,4.3,3,139,1,26.5,44.7,69.7,5,0,5,0,4,1,5,1
EMP-1166,Camila Eriksen,Engineering,0,8.0,2,145,1,31.1,104.2,53.8,6,0,7,1,4,0,2,0
EMP-1167,Jana Zhang,Engineering,0,6.1,0,540,0,29.8,145.4,55.1,5,0,8,0,6,3,8,0
EMP-1168,Aarav Gupta,Engineering,0,17.8,2,102,1,24.2,69.7,59.4,5,0,3,0,6,2,10,5
EMP-1169,Tariq Young,Engineering,1,2.4,4,49,0,25.1,54.8,74.0,5,0,5,2,4,1,4,1
EMP-1170,Priya Novak,Engineering,0,7.2,3,75,1,8.5,280.9,74.0,5,0,8,2,5,1,9,0
EMP-1171,Tariq Adeyemi,Engineering,1,0.9,4,162,1,21.5,124.9,82.0,6,0,7,1,4,1,2,0
EMP-1172,Mateo Weber,Engineering,1,0.1,0,540,1,26.5,53.9,16.4,2,1,8,2,4,2,2,1
EMP-1173,Ethan Bauer,Engineering,0,5.9,2,3,1,19.2,17.7,57.6,3,1,9,2,6,4,3,0
EMP-1174,Elif Hughes,Engineering,0,6.8,3,41,1,8.7,900.0,92.5,5,0,6,0,8,0,4,0
EMP-1175,Anika Suzuki,Engineering,0,5.1,2,399,0,17.9,34.9,53.1,9,3,11,5,11,2,9,2
EMP-1176,Leila Andersen,Engineering,1,2.5,0,540,1,17.2,64.3,59.6,6,2,5,3,7,0,7,1
EMP-1177,Jana Hughes,Engineering,0,0.5,3,260,1,26.3,28.7,28.2,5,3,5,4,5,2,6,5
EMP-1178,Mei Costa,Engineering,1,3.8,4,55,1,11.5,512.2,85.2,5,0,7,0,4,0,6,0
EMP-1179,Diego Lopez,Engineering,0,3.2,0,540,1,27.7,91.4,55.4,4,0,8,0,6,1,6,1
EMP-1180,Felix Young,Engineering,0,10.7,3,318,1,25.0,62.2,36.4,8,0,8,3,4,0,3,1
EMP-1181,Uma Novak,Engineering,0,2.8,2,191,1,10.1,75.4,46.5,9,1,4,0,6,1,4,0
EMP-1182,Maya Eriksen,Engineering,1,6.4,5,83,1,6.6,60.4,84.6,10,2,6,0,9,0,6,1
EMP-1183,Hugo Nakamura,Engineering,1,0.7,2,46,1,19.8,106.0,89.0,6,0,5,0,8,1,6,2
EMP-1184,Diego Andersen,Engineering,0,4.4,4,98,0,3.9,180.3,71.0,6,0,4,0,5,1,9,3
EMP-1185,Ines Lopez,Engineering,0,2.0,2,40,1,32.1,13.1,48.2,8,0,9,1,6,2,3,1
EMP-1186,Mia Chen,Engineering,2,1.3,3,117,0,18.7,109.1,59.7,2,0,4,1,5,0,6,1
EMP-1187,Jana Okafor,Engineering,0,1.4,5,445,0,27.2,37.0,60.6,5,1,8,5,7,4,4,3
EMP-1188,Diego Petrov,Engineering,0,0.9,3,47,0,19.3,99.1,34.7,4,1,11,3,4,0,5,1
EMP-1189,Sofia Haddad,Engineering,1,10.9,1,25,0,42.3,32.6,40.8,5,3,6,3,5,2,5,1
EMP-1190,Omar Olsen,Engineering,0,4.9,1,99,1,18.2,114.8,53.9,5,1,4,1,5,0,8,0
EMP-1191,Ines Costa,Engineering,0,4.1,1,320,1,29.6,15.3,25.5,5,1,5,1,5,4,12,3
EMP-1192,Grace Ivanova,Engineering,0,5.0,2,346,1,32.7,26.4,24.2,5,2,6,1,8,7,4,1
EMP-1193,Victor Kim,Engineering,1,2.1,4,123,0,38.7,126.8,59.8,5,1,6,3,3,0,5,0
EMP-1194,Diego Tanaka,Engineering,0,1.1,3,126,1,20.7,192.1,72.7,2,0,5,0,6,0,7,0
EMP-1195,Aisha Novak,Engineering,0,3.3,2,92,1,10.2,43.9,30.3,7,1,5,0,7,0,9,1
EMP-1196,Maya Adeyemi,Engineering,0,0.4,3,3,1,2.7,226.3,91.5,5,0,4,0,4,0,5,1
EMP-1197,Emma Mensah,Engineering,0,7.6,2,3,1,25.6,104.5,85.6,3,0,4,0,7,2,4,0
EMP-1198,Luca Bauer,Engineering,0,2.0,1,512,0,0.0,44.4,45.2,4,0,5,1,10,5,2,0
EMP-1199,Lina Haddad,Engineering,1,4.7,1,24,1,22.2,26.0,55.2,3,2,7,3,5,1,7,0
EMP-1200,Emma Dubois,Engineering,0,1.1,1,184,1,16.2,108.6,63.2,4,1,4,1,6,3,5,1
EMP-1201,Emma Quinn,Engineering,1,2.1,3,3,1,0.0,152.3,89.5,4,0,9,0,5,0,6,0
EMP-1202,Uma Garcia,Engineering,2,1.8,1,84,1,29.1,59.6,66.3,3,0,3,0,3,1,6,2
EMP-1203,Ethan Singh,Engineering,2,1.1,0,540,1,28.1,26.6,23.0,8,1,5,2,4,1,8,6
EMP-1204,Ben Castillo,Engineering,0,4.9,1,8,1,6.4,99.1,91.4,8,0,7,0,7,1,10,0
EMP-1205,Hugo Garcia,Engineering,0,14.6,2,59,0,21.8,148.5,71.4,5,1,9,0,7,0,7,1
EMP-1206,Fatima Dubois,Engineering,0,17.1,2,172,1,15.8,74.3,54.9,5,0,5,1,10,1,5,1
EMP-1207,Rosa Varga,Engineering,0,5.5,0,540,0,12.1,70.9,50.7,6,1,4,1,8,1,9,2
EMP-1208,Ethan Silva,Engineering,0,2.1,2,129,1,35.6,123.5,57.1,3,1,3,0,9,2,5,1
EMP-1209,Isaac Gupta,Engineering,0,0.1,1,426,1,28.2,19.9,10.0,6,6,12,6,8,6,3,1
EMP-1210,Theo Yilmaz,Engineering,0,1.5,1,21,1,6.8,54.1,50.6,5,0,5,1,4,2,3,1
EMP-1211,Noah Nakamura,Engineering,0,4.7,2,6,1,12.9,31.4,24.2,5,1,3,1,10,2,7,1
EMP-1212,Victor Bianchi,Engineering,1,5.1,3,17,1,37.5,21.7,31.0,7,5,3,3,6,3,7,2
EMP-1213,Sam Patel,Engineering,1,8.9,3,11,0,25.9,12.0,28.1,6,4,5,4,4,4,8,6
EMP-1214,Ben Adeyemi,Engineering,1,0.8,2,19,1,1.1,103.2,91.3,3,0,8,1,7,0,5,1
EMP-1215,Lina Zhang,Engineering,1,2.8,1,164,0,22.1,65.5,38.2,7,3,7,2,6,5,3,1
EMP-1216,Mei Dubois,Engineering,0,4.4,3,3,1,14.8,84.1,81.2,7,0,9,1,9,0,7,0
EMP-1217,Grace Garcia,Engineering,0,1.3,4,71,1,3.7,112.7,78.4,6,0,8,1,3,0,5,0
EMP-1218,Alejandro Fischer,Engineering,0,3.0,3,104,1,9.9,26.9,66.8,10,3,5,1,3,0,6,0
EMP-1219,Theo Mensah,Engineering,1,2.2,2,10,1,22.8,37.9,42.8,8,2,8,2,3,1,3,0
EMP-1220,Oscar Singh,Engineering,0,2.4,1,341,1,35.7,113.3,56.0,5,0,5,1,6,3,6,1
EMP-1221,Aarav Mahraniya,Engineering,0,0.6,1,71,1,25.6,58.8,63.5,6,1,6,0,6,2,5,1
EMP-1222,Noah Novak,Engineering,0,4.1,1,384,0,34.2,30.5,17.7,3,2,4,2,9,6,3,1
EMP-1223,Noah Brooks,Engineering,1,3.4,3,36,0,4.2,140.2,79.5,7,0,5,0,7,0,6,0
EMP-1224,Chloe Mahraniya,Engineering,0,1.4,4,186,1,20.4,118.4,78.2,6,0,5,1,5,0,6,0
EMP-1225,Uma Ivanova,Engineering,0,6.1,3,187,1,25.0,42.2,71.4,4,0,6,0,7,2,7,1
EMP-1226,Oscar Zhang,Engineering,0,1.9,3,7,1,38.8,35.4,50.9,6,0,6,2,6,3,8,2
EMP-1227,Mia Novak,Engineering,0,2.5,4,9,1,0.0,66.9,92.3,8,0,8,0,6,0,7,0
EMP-1228,Noah Rossi,Engineering,0,4.2,3,28,1,23.2,74.6,45.6,5,0,4,1,4,0,6,1
EMP-1229,Camila Kowalski,Engineering,0,1.3,5,3,1,18.5,29.1,53.1,7,0,5,0,7,2,13,0
EMP-1230,Camila Walsh,Engineering,0,0.9,2,97,1,23.4,55.0,74.8,7,0,8,4,5,1,2,0
EMP-1231,Hana Andersen,Engineering,0,6.3,1,104,1,16.3,43.3,49.4,7,2,9,4,6,2,9,2
EMP-1232,Noah Ivanova,IT Operations,0,5.5,3,167,1,33.6,145.4,57.5,8,0,6,1,5,0,9,0
EMP-1233,Theo Novak,IT Operations,1,1.2,2,3,1,0.0,280.5,82.9,3,0,8,0,6,0,2,0
EMP-1234,Camila Weber,IT Operations,0,6.5,1,24,0,22.9,47.5,30.5,6,1,5,1,3,2,9,0
EMP-1235,Priya Petrov,IT Operations,0,5.1,1,28,1,34.0,145.9,43.3,8,1,5,0,5,0,7,3
EMP-1236,Priya Hughes,IT Operations,0,8.2,2,3,1,31.1,86.4,69.2,4,0,6,1,5,0,8,0
EMP-1237,Sofia Schmidt,IT Operations,0,2.9,1,16,1,14.3,119.8,83.6,6,0,3,0,6,3,4,1
EMP-1238,Mateo Young,IT Operations,0,0.4,3,10,1,0.0,113.0,87.9,6,0,5,1,6,0,6,0
EMP-1239,Liam Fischer,IT Operations,0,0.9,2,194,1,24.9,81.7,57.6,7,1,9,2,4,1,4,0
EMP-1240,Leila Walsh,IT Operations,0,8.7,2,8,1,39.9,339.4,71.8,6,0,4,1,5,0,7,0
EMP-1241,Lina Singh,IT Operations,0,3.1,2,48,1,20.7,41.6,61.9,5,0,6,0,8,2,7,3
EMP-1242,Alejandro Murphy,IT Operations,0,3.1,2,77,1,10.9,131.8,62.2,7,0,3,0,5,1,5,0
EMP-1243,Liam Ivanova,IT Operations,1,0.5,7,39,1,23.6,81.0,93.6,6,0,6,0,6,0,4,0
EMP-1244,Jonas Weber,IT Operations,0,16.2,3,28,0,25.5,209.8,90.3,6,0,7,0,4,0,7,0
EMP-1245,Jana Murphy,IT Operations,0,1.6,3,515,0,19.6,102.5,82.3,6,0,6,1,4,0,4,0
EMP-1246,Jana Quinn,IT Operations,2,4.1,1,80,1,28.5,40.4,51.7,5,2,6,1,7,2,6,2
EMP-1247,Diego Wagner,IT Operations,1,4.5,3,66,1,9.3,137.2,88.6,9,0,6,0,7,1,9,0
EMP-1248,Kai Ivanova,IT Operations,0,1.0,1,130,0,14.5,207.5,88.7,8,0,5,0,6,2,7,0
EMP-1249,Kavya Chen,IT Operations,1,1.3,2,32,1,16.0,99.9,84.7,5,0,8,1,6,2,5,2
EMP-1250,Noah Garcia,IT Operations,0,1.0,3,138,1,36.9,85.9,85.2,7,0,7,0,3,1,5,1
EMP-1251,Anika Larsen,IT Operations,0,5.6,7,10,1,8.9,331.5,97.8,7,0,7,0,5,0,9,0
EMP-1252,Luca Gupta,IT Operations,0,7.0,5,3,1,12.2,399.1,96.0,3,0,6,0,5,0,4,0
EMP-1253,Nadia Varga,IT Operations,1,9.2,1,19,1,28.2,48.9,15.6,7,1,4,4,5,2,8,4
EMP-1254,Mateo Tanaka,IT Operations,0,1.7,2,48,1,27.3,54.1,51.8,4,0,7,0,2,0,5,0
EMP-1255,Alejandro Bauer,IT Operations,0,4.9,2,71,0,9.2,217.8,85.5,4,0,7,0,6,0,5,0
EMP-1256,Rosa Kaur,IT Operations,0,2.6,3,40,1,0.0,262.7,93.0,6,0,7,1,6,0,4,0
EMP-1257,Tariq Suzuki,IT Operations,0,1.4,1,18,1,18.8,20.1,64.7,6,1,8,0,3,1,5,1
EMP-1258,Hugo Tanaka,IT Operations,0,2.2,5,17,1,6.6,262.6,97.5,13,0,6,0,5,0,3,0
EMP-1259,Nora Bauer,IT Operations,0,0.2,5,227,1,24.3,56.9,71.5,9,0,6,0,7,1,9,1
EMP-1260,Rosa Chen,IT Operations,0,1.4,1,355,1,19.9,52.1,58.9,9,0,5,1,6,0,11,1
EMP-1261,Hana Costa,IT Operations,1,0.7,3,91,1,28.2,84.2,73.9,4,0,6,0,10,0,5,1
EMP-1262,Noah Adeyemi,IT Operations,0,5.6,5,201,0,30.0,121.7,85.2,10,1,3,0,5,1,7,1
EMP-1263,Luca Ivanova,IT Operations,0,2.3,2,137,1,34.7,129.1,65.3,8,0,5,1,6,1,7,0
EMP-1264,Chloe Kowalski,IT Operations,0,6.1,6,40,1,0.0,214.4,95.8,9,0,6,0,3,0,6,0
EMP-1265,Kai Torres,IT Operations,0,0.8,4,345,1,25.1,137.0,73.5,6,0,6,0,8,2,6,1
EMP-1266,Ben Okafor,IT Operations,0,1.4,3,135,1,19.4,207.6,70.5,6,1,5,0,4,0,8,2
EMP-1267,Priya Rossi,IT Operations,1,1.5,2,31,1,12.3,67.9,49.9,6,0,7,3,9,2,6,1
EMP-1268,Chloe Petrov,IT Operations,1,0.7,4,36,1,2.7,162.1,96.6,6,0,4,0,7,0,6,0
EMP-1269,Daniel Kim,IT Operations,0,0.5,5,50,1,16.2,64.9,70.5,5,0,8,0,4,2,7,0
EMP-1270,Lina Schmidt,IT Operations,0,0.3,3,3,1,11.1,71.6,83.5,7,2,6,1,6,1,5,1
EMP-1271,Ben Young,IT Operations,0,2.8,0,540,1,8.3,457.3,80.9,4,0,7,0,5,0,7,0
EMP-1272,Nora Kim,IT Operations,0,4.5,2,57,1,34.8,32.8,42.2,6,0,10,1,9,5,7,0
EMP-1273,Mateo Suzuki,IT Operations,0,1.9,3,16,0,24.9,129.5,89.7,5,1,9,1,4,0,4,0
EMP-1274,Leila Gupta,IT Operations,0,5.9,4,56,0,9.8,72.6,90.8,11,0,9,1,6,0,5,0
EMP-1275,Kavya Okafor,IT Operations,0,0.1,2,9,0,21.7,74.7,38.7,5,1,7,4,4,1,4,0
EMP-1276,Omar Kowalski,IT Operations,0,5.0,3,146,1,18.8,62.5,60.9,3,0,10,0,8,1,4,0
EMP-1277,Rosa Olsen,IT Operations,1,0.9,4,168,1,33.5,67.5,78.3,3,0,5,0,6,1,5,0
EMP-1278,Mei Kowalski,IT Operations,0,4.3,4,291,0,12.4,97.3,73.7,8,0,7,0,3,0,7,0
EMP-1279,Aisha Ivanova,IT Operations,0,1.4,7,87,1,10.5,175.1,95.6,8,0,4,0,5,0,4,0
EMP-1280,Jonas Hughes,IT Operations,1,1.2,2,84,0,21.6,69.4,67.9,3,0,6,0,4,1,3,0
EMP-1281,Nora Moreau,IT Operations,0,3.4,1,122,0,46.3,83.6,52.5,6,0,4,0,5,0,6,1
EMP-1282,Priya Murphy,IT Operations,0,0.7,1,141,1,32.3,68.1,46.7,2,1,8,3,4,1,4,1
EMP-1283,Jana Sato,IT Operations,0,0.9,1,47,1,25.5,36.8,41.0,11,1,3,2,6,1,6,0
EMP-1284,Jana Patel,IT Operations,2,1.7,5,3,1,38.0,30.7,71.4,7,2,10,0,6,1,4,0
EMP-1285,Hugo Kim,IT Operations,1,3.0,1,66,1,6.4,284.7,77.4,6,0,5,0,4,0,7,0
EMP-1286,Omar Brooks,IT Operations,1,5.1,3,3,1,1.8,177.7,83.8,4,0,5,1,5,0,6,1
EMP-1287,Rahul Mahraniya,IT Operations,0,1.7,3,12,1,25.8,42.6,64.5,4,1,6,0,7,2,8,1
EMP-1288,Amelia Quinn,IT Operations,0,2.2,2,15,1,5.5,271.2,74.1,8,0,7,0,5,0,6,0
EMP-1289,Leila Novak,IT Operations,0,0.9,3,16,1,17.1,72.8,75.9,5,0,5,0,8,1,6,1
EMP-1290,Kai Young,IT Operations,0,0.2,2,84,1,23.7,61.2,45.1,4,1,11,3,6,2,6,0
EMP-1291,Yusuf Chen,IT Operations,0,0.7,2,18,1,29.3,44.2,70.8,4,0,4,2,9,1,5,0
EMP-1292,Jonas Varga,IT Operations,0,10.8,2,3,1,1.5,259.0,98.1,7,0,5,0,4,0,3,0
EMP-1293,Kai Dubois,IT Operations,2,6.3,3,13,1,0.0,211.2,82.7,7,0,8,0,3,0,4,0
EMP-1294,Tariq Gupta,IT Operations,2,2.4,5,77,1,0.0,461.1,99.2,7,0,4,0,7,0,7,0
EMP-1295,Camila Young,IT Operations,0,0.4,2,33,0,19.2,49.6,65.1,6,0,9,2,7,1,6,2
EMP-1296,Yara Zhang,IT Operations,1,2.8,1,262,1,18.1,13.8,24.0,6,1,6,1,6,4,7,4
EMP-1297,Sam Weber,IT Operations,0,5.0,7,33,1,17.5,297.8,98.1,5,0,6,0,7,0,6,1
EMP-1298,Lina Zimmer,IT Operations,0,3.2,2,34,1,26.6,109.9,78.5,6,0,7,0,5,0,3,1
EMP-1299,Omar Silva,IT Operations,2,2.6,1,126,1,0.0,314.6,75.7,3,1,5,1,7,0,5,1
EMP-1300,Chloe Patel,IT Operations,0,3.4,1,47,1,0.0,123.5,83.8,3,0,2,0,8,0,4,1
EMP-1301,Liam Schmidt,IT Operations,0,1.9,2,228,1,25.3,68.9,74.6,6,0,9,0,9,2,3,0
EMP-1302,Rahul Costa,IT Operations,0,0.9,2,394,1,25.3,26.7,41.4,5,0,6,1,6,3,5,2
EMP-1303,Theo Okafor,IT Operations,0,1.8,6,140,1,7.9,83.5,94.2,6,0,8,0,2,0,8,2
EMP-1304,Kai Murphy,IT Operations,0,3.6,5,22,1,0.5,182.5,97.1,7,0,8,0,6,0,4,0
EMP-1305,Rahul Moreau,IT Operations,2,0.7,3,25,1,33.1,138.8,65.8,7,1,8,0,5,0,9,1
EMP-1306,Maya Kowalski,IT Operations,0,2.6,3,232,1,25.0,78.3,26.2,9,5,6,3,4,2,7,4
EMP-1307,Emma Rossi,IT Operations,0,0.4,3,199,1,22.3,152.1,69.6,8,1,4,0,6,0,4,0
EMP-1308,Isaac Eriksen,IT Operations,0,4.5,0,540,0,22.2,82.6,47.4,7,3,8,2,3,1,5,3
EMP-1309,Leila Silva,IT Operations,0,0.6,1,6,1,13.0,58.0,63.7,4,0,6,1,5,2,9,0
EMP-1310,Felix Castillo,IT Operations,1,5.4,6,10,1,19.5,239.2,97.0,10,0,8,0,4,0,6,0
EMP-1311,Jonas Larsen,IT Operations,0,8.4,4,107,0,29.7,49.7,50.5,8,2,4,0,4,1,6,1
EMP-1312,Jana Haddad,IT Operations,0,4.0,4,41,1,11.9,228.8,59.3,7,0,6,0,6,0,6,1
EMP-1313,Mia Kowalski,IT Operations,0,2.3,2,36,0,36.0,102.8,49.3,5,1,8,2,10,2,8,1
EMP-1314,Isaac Rossi,IT Operations,0,0.2,4,40,1,6.1,130.2,86.8,6,0,5,0,5,0,4,0
EMP-1315,Rosa Nguyen,IT Operations,0,0.1,0,540,1,30.0,96.2,36.7,8,2,7,1,8,3,5,2
EMP-1316,Noah Quinn,IT Operations,0,0.6,7,272,1,0.0,87.6,89.9,10,0,8,2,6,0,10,0
EMP-1317,Victor Wagner,IT Operations,0,4.8,5,18,1,20.3,211.3,94.3,4,0,7,0,4,0,5,0
EMP-1318,Mateo Mahraniya,IT Operations,1,4.7,3,45,1,8.2,130.1,88.5,6,0,8,0,3,0,5,0
EMP-1319,Tariq Mahraniya,IT Operations,2,2.7,0,540,1,25.7,39.9,58.6,6,1,7,1,5,1,7,0
EMP-1320,Diego Gupta,IT Operations,0,5.5,5,68,1,24.3,76.4,85.0,5,1,4,0,6,0,6,0
EMP-1321,Lina Patel,IT Operations,0,4.7,2,29,1,29.3,207.6,74.6,7,0,6,0,7,1,6,0
EMP-1322,Zoe Suzuki,IT Operations,0,8.5,1,27,1,23.6,78.2,63.5,3,1,5,1,8,0,7,0
EMP-1323,Priya Lopez,IT Operations,2,3.1,1,101,1,30.5,40.7,25.8,8,2,4,1,6,4,7,4
EMP-1324,Elif Mensah,IT Operations,0,2.1,4,38,1,18.4,69.2,86.1,5,0,7,1,3,0,8,0
EMP-1325,Nadia Garcia,IT Operations,0,3.1,1,72,1,7.0,124.2,64.2,4,0,5,0,7,0,3,0
EMP-1326,Chloe Torres,IT Operations,1,0.6,3,153,1,4.2,32.5,58.6,9,0,8,1,6,0,7,1
EMP-1327,Ines Walsh,IT Operations,0,2.2,4,95,1,0.4,82.1,86.9,7,0,6,1,7,0,6,0
EMP-1328,Jonas Petrov,IT Operations,0,2.1,0,540,0,16.1,28.6,24.2,8,0,9,4,4,2,5,4
EMP-1329,Ines Petrov,IT Operations,0,3.8,2,37,1,28.0,157.1,48.5,6,0,4,0,6,1,6,0
EMP-1330,Fatima Petrov,IT Operations,0,0.8,2,62,1,21.2,70.1,67.5,7,0,8,3,7,1,6,0
EMP-1331,Ethan Nakamura,IT Operations,0,5.5,1,22,0,13.2,41.9,41.6,7,1,7,1,8,0,6,1
EMP-1332,Emma Bianchi,IT Operations,0,2.0,2,198,1,32.7,72.7,65.4,4,1,8,0,4,0,10,2
EMP-1333,Sam Schmidt,IT Operations,0,0.1,3,5,1,20.9,116.0,86.3,6,0,6,0,6,0,5,1
EMP-1334,Kai Schmidt,IT Operations,1,6.3,1,292,1,12.9,114.4,34.4,7,1,6,1,5,0,7,2
EMP-1335,Victor Bauer,IT Operations,0,0.4,5,38,1,11.5,78.5,80.7,8,0,5,0,4,2,8,0
EMP-1336,Theo Nakamura,IT Operations,1,8.0,4,105,1,17.5,93.5,56.3,6,0,8,1,2,1,8,0
EMP-1337,Aarav Adeyemi,IT Operations,0,4.5,1,19,0,16.0,71.2,38.7,6,1,6,1,9,3,7,2
EMP-1338,Isaac Weber,IT Operations,0,14.2,3,7,1,0.3,194.2,88.9,7,0,3,0,5,0,10,0
EMP-1339,Aarav Kowalski,IT Operations,1,5.1,2,78,1,14.5,119.1,81.5,8,0,9,2,6,0,5,0
EMP-1340,Liam Chen,IT Operations,0,12.4,1,256,1,32.3,32.4,52.7,4,0,5,0,7,2,7,1
EMP-1341,Priya Adeyemi,IT Operations,2,0.1,1,20,0,28.6,99.7,56.4,4,0,5,2,5,0,7,2
EMP-1342,Sofia Andersen,IT Operations,0,5.5,1,10,1,17.0,70.9,89.8,8,0,2,0,5,0,8,0
EMP-1343,Ethan Garcia,IT Operations,0,5.1,2,72,1,9.3,176.1,94.0,2,0,2,0,6,0,4,0
EMP-1344,Mia Zimmer,IT Operations,0,0.2,2,31,1,18.8,96.1,93.0,4,0,6,0,5,0,6,0
EMP-1345,Hugo Torres,IT Operations,0,0.9,3,15,1,12.9,91.1,70.3,2,0,5,1,8,1,5,0
EMP-1346,Nora Petrov,IT Operations,2,6.6,2,6,1,2.5,122.0,68.6,7,0,7,2,6,1,5,0
EMP-1347,Diego Schmidt,IT Operations,0,0.9,5,10,1,23.3,96.6,91.5,5,1,9,0,5,1,9,0
EMP-1348,Diego Fischer,IT Operations,0,3.4,6,12,1,20.2,36.8,84.2,6,0,3,0,11,1,4,0
